direction,year,month,day,class,class_count
QB,24,6,11,2,30297
QB,24,2,15,3,6536
QB,24,3,17,3,3864
QB,24,2,26,6,644
QB,24,4,25,4,366
QB,24,3,15,8,247
QB,24,1,9,4,223
QB,24,4,24,6,675
QB,24,5,17,14,69
QB,24,4,8,7,40
QB,25,3,27,2,3839
QB,25,3,17,5,2302
QB,24,7,29,7,32
QB,24,7,22,5,3709
QB,24,5,14,9,1490
QB,24,4,7,1,71
QB,24,4,27,4,146
QB,24,8,7,6,649
QB,24,6,8,1,136
QB,24,7,24,1,97
QB,24,6,14,12,42
QB,24,8,23,10,22
QB,24,3,4,3,6355
QB,24,6,21,6,657
QB,24,7,22,9,1545
QB,24,7,5,3,5133
QB,24,3,18,12,25
QB,24,2,1,9,1505
QB,24,5,17,9,1366
QB,24,3,26,6,602
QB,25,3,2,2,15996
QB,24,7,28,1,136
QB,24,2,16,7,61
QB,24,6,1,7,3
QB,24,7,10,9,36
QB,24,1,9,11,30
QB,24,6,3,7,31
QB,24,1,20,2,36954
QB,24,8,27,5,4067
QB,24,2,7,2,32965
QB,24,8,23,5,3784
QB,24,1,19,3,5718
QB,24,1,18,3,6439
QB,24,1,21,3,3621
QB,24,2,13,4,139
QB,24,8,21,6,688
QB,24,2,14,7,39
QB,24,1,9,8,230
QB,24,7,12,12,58
QB,24,3,16,4,135
QB,24,7,18,8,268
QB,24,1,12,4,178
QB,24,2,20,1,60
QB,24,2,16,12,45
QB,24,5,2,1,121
QB,25,2,20,3,1970
QB,24,7,8,11,31
QB,24,7,23,5,3654
QB,24,2,20,12,36
QB,24,5,19,9,478
QB,24,5,29,6,616
QB,24,7,15,6,617
QB,24,7,26,3,5988
QB,24,5,11,9,675
QB,24,5,11,8,128
QB,24,4,11,10,20
QB,24,5,24,1,163
QB,24,5,14,4,236
QB,24,4,24,14,20
QB,24,4,4,10,19
QB,24,3,5,7,34
QB,24,1,16,7,32
QB,24,1,2,1,41
QB,24,5,25,10,3
QB,24,7,15,5,3576
QB,24,7,31,3,6074
QB,24,3,10,2,32938
QB,24,8,18,9,417
QB,24,2,24,5,1609
QB,24,6,12,3,5710
QB,24,6,13,6,702
QB,24,5,15,4,252
QB,24,1,6,4,108
QB,24,3,19,4,214
QB,24,6,18,4,257
QB,24,1,20,6,252
QB,24,2,26,10,27
QB,24,8,7,14,143
QB,24,5,26,6,74
QB,24,7,5,11,19
QB,24,6,19,14,16
QB,24,3,8,11,33
QB,24,3,16,14,12
QB,24,4,10,14,16
QB,24,6,23,2,38768
QB,24,5,13,5,3424
QB,24,1,16,3,5900
QB,24,6,21,5,3470
QB,24,7,24,9,1651
QB,24,1,20,5,1517
QB,24,5,12,14,8
QB,24,4,27,6,272
QB,24,2,4,7,26
QB,24,1,26,8,262
QB,24,8,2,12,61
QB,24,4,5,12,36
QB,24,7,5,8,165
QB,24,5,21,1,175
QB,24,8,4,8,81
QB,24,5,31,2,29149
QB,24,2,13,3,5421
QB,24,4,3,2,27948
QB,24,8,17,2,39655
QB,24,8,5,5,3608
QB,24,8,7,9,1502
QB,24,5,3,5,3402
QB,24,1,16,4,186
QB,24,6,19,9,1516
QB,24,3,26,9,1470
QB,24,1,11,14,166
QB,24,1,17,6,570
QB,24,2,17,11,14
QB,24,6,22,6,253
QB,24,8,17,1,88
QB,24,1,2,7,47
QB,24,7,26,14,302
QB,25,1,23,5,2345
QB,24,4,12,11,13
QB,24,5,24,10,24
QB,24,2,7,3,6790
QB,24,7,20,3,4467
QB,24,5,13,6,548
QB,24,5,3,1,128
QB,24,6,26,1,142
QB,24,1,21,12,24
QB,24,7,30,4,271
QB,25,1,11,2,14879
QB,24,7,9,12,50
QB,24,5,7,8,250
QB,25,2,1,2,14458
QB,24,2,10,12,25
QB,25,3,18,2,11399
QB,24,2,24,7,26
QB,24,4,23,2,17241
QB,24,6,14,2,33688
QB,24,1,5,6,610
QB,24,1,22,5,3241
QB,24,6,27,3,6103
QB,24,3,2,5,1536
QB,24,7,3,6,589
QB,24,8,28,8,339
QB,24,3,4,11,16
QB,24,8,9,8,254
QB,24,2,25,4,146
QB,24,8,19,7,45
QB,24,3,28,1,45
QB,24,8,25,7,15
QB,24,8,28,14,29
QB,24,6,2,1,82
QB,25,1,4,2,14645
QB,24,1,20,1,23
QB,24,1,7,14,11
QB,24,6,10,12,39
QB,24,5,24,2,29809
QB,24,3,25,14,20
QB,24,4,22,5,1161
QB,24,3,3,3,3808
QB,24,1,14,5,931
QB,24,6,23,4,193
QB,24,7,21,7,11
QB,24,7,26,4,507
QB,24,8,9,9,1339
QB,24,3,10,8,69
QB,24,1,30,10,26
QB,24,1,17,11,34
QB,24,1,17,14,20
QB,24,7,8,9,1443
QB,24,2,23,9,1347
QB,24,1,26,9,1406
QB,24,3,1,9,1418
QB,24,5,25,9,723
QB,24,2,25,5,1062
QB,24,6,20,4,321
QB,24,8,5,8,202
QB,24,2,7,14,127
QB,24,5,8,4,87
QB,24,5,27,6,160
QB,24,1,4,12,49
QB,24,8,29,7,44
QB,24,1,31,11,39
QB,24,3,6,7,33
QB,25,1,7,3,2147
QB,24,1,7,7,21
QB,24,6,4,10,18
QB,24,1,1,5,797
QB,24,8,30,5,3864
QB,24,7,7,3,3434
QB,24,6,20,12,48
QB,24,6,3,6,618
QB,24,2,9,6,608
QB,24,2,9,9,1345
QB,24,1,21,8,88
QB,24,6,19,8,226
QB,24,2,19,12,27
QB,24,4,26,7,31
QB,24,3,28,10,15
QB,24,5,6,9,1398
QB,24,6,7,2,31807
QB,24,7,16,3,5961
QB,24,7,21,2,39037
QB,24,8,22,3,6010
QB,24,7,22,3,6288
QB,24,7,18,5,3622
QB,24,6,20,6,642
QB,24,3,8,9,1384
QB,24,1,19,8,249
QB,24,7,18,14,315
QB,24,5,18,5,1760
QB,24,4,8,8,166
QB,24,2,18,6,123
QB,24,1,24,12,46
QB,24,7,4,6,69
QB,24,7,27,1,125
QB,24,8,18,14,12
QB,24,8,14,12,56
QB,24,2,28,12,48
QB,24,7,27,14,201
QB,24,3,12,10,15
QB,24,7,28,7,16
QB,24,6,5,14,21
QB,25,2,22,2,15254
QB,24,1,28,2,36571
QB,24,3,11,3,5692
QB,24,6,4,6,668
QB,24,4,12,14,13
QB,24,6,26,6,635
QB,24,6,4,8,241
QB,24,5,25,4,161
QB,24,3,19,10,14
QB,24,1,13,14,18
QB,24,2,4,1,43
QB,24,7,28,12,26
QB,24,4,5,10,18
QB,24,5,19,2,36359
QB,24,7,30,9,1664
QB,24,3,2,3,4137
QB,24,6,19,5,3408
QB,24,3,8,5,3085
QB,24,5,1,6,649
QB,24,2,21,4,227
QB,24,4,29,4,194
QB,24,8,24,1,136
QB,24,6,30,8,83
QB,25,3,10,2,12237
QB,24,2,12,10,13
QB,24,6,23,12,31
QB,24,2,8,5,3478
QB,24,8,29,9,1608
QB,24,4,12,4,218
QB,24,7,17,14,43
QB,24,7,30,7,47
QB,24,3,4,1,68
QB,24,7,20,7,28
QB,24,2,1,7,76
QB,24,7,13,12,36
QB,24,6,12,14,19
QB,24,5,5,2,36196
QB,24,6,17,3,6299
QB,24,5,14,6,637
QB,24,2,8,2,33683
QB,24,7,10,4,15
QB,24,6,7,4,265
QB,24,1,28,6,86
QB,24,3,15,1,106
QB,24,7,20,11,25
QB,24,4,1,7,44
QB,24,1,10,7,32
QB,24,2,26,2,31699
QB,24,7,23,6,731
QB,24,6,16,3,3744
QB,24,3,9,2,31423
QB,24,4,4,3,5750
QB,24,2,7,5,3409
QB,24,5,23,3,5628
QB,24,3,12,11,37
QB,24,6,7,6,628
QB,24,4,30,7,50
QB,24,8,3,7,18
QB,24,2,4,6,78
QB,24,3,17,5,1034
QB,24,8,26,8,192
QB,24,5,17,11,29
QB,24,1,1,4,119
QB,24,8,30,11,44
QB,24,7,30,12,59
QB,24,1,13,4,158
QB,24,1,18,11,33
QB,24,1,4,10,14
QB,25,1,17,5,2214
QB,24,8,26,2,31791
QB,24,8,28,3,5988
QB,24,2,28,5,3197
QB,24,2,6,9,1464
QB,24,1,25,9,1430
QB,24,4,9,6,617
QB,24,5,14,8,236
QB,24,2,27,12,47
QB,24,7,5,1,90
QB,24,3,26,8,251
QB,24,6,26,11,45
QB,24,8,17,11,28
QB,24,6,22,11,18
QB,24,7,10,8,6
QB,24,7,17,11,32
QB,24,7,8,6,651
QB,24,1,2,8,189
QB,24,3,31,4,143
QB,24,7,22,7,51
QB,24,6,3,8,191
QB,24,2,9,14,39
QB,24,3,7,11,40
QB,24,6,5,12,67
QB,24,4,12,1,49
QB,24,6,6,10,12
QB,24,3,2,10,2
QB,24,2,13,7,33
QB,24,4,1,10,20
QB,24,3,3,2,38620
QB,24,7,17,2,31740
QB,24,3,6,8,235
QB,24,4,12,9,1294
QB,24,7,1,3,5938
QB,24,7,20,1,132
QB,24,3,1,8,278
QB,24,4,7,9,456
QB,25,2,26,2,12447
QB,24,6,9,8,79
QB,24,6,26,12,54
QB,24,3,6,11,36
QB,24,2,20,10,27
QB,25,3,6,2,11144
QB,24,4,26,14,24
QB,24,4,27,12,17
QB,24,1,14,2,36864
QB,24,7,12,3,5956
QB,24,5,8,2,15741
QB,24,2,6,11,39
QB,24,1,25,8,266
QB,24,6,29,11,33
QB,24,8,22,14,64
QB,24,5,7,11,34
QB,24,6,22,7,21
QB,24,6,15,12,27
QB,24,2,15,10,22
QB,24,5,26,12,23
QB,24,6,8,2,37786
QB,24,1,12,2,33785
QB,24,4,2,5,3068
QB,24,5,11,5,1755
QB,24,7,17,8,260
QB,24,2,17,5,1507
QB,24,5,1,5,3461
QB,24,1,24,3,6400
QB,24,8,10,5,2004
QB,24,4,9,8,222
QB,24,5,5,8,65
QB,24,7,25,14,167
QB,24,5,20,8,184
QB,24,3,9,12,31
QB,24,8,16,7,45
QB,24,5,6,11,27
QB,24,1,14,7,23
QB,24,2,13,11,28
QB,25,3,26,3,1774
QB,24,6,9,14,9
QB,24,1,18,2,33748
QB,24,5,28,2,29214
QB,24,5,12,3,3239
QB,24,7,8,3,6207
QB,24,2,15,7,67
QB,24,8,16,12,62
QB,24,7,30,6,696
QB,24,3,13,1,90
QB,24,5,30,1,104
QB,24,5,6,12,27
QB,25,1,5,2,14999
QB,24,5,23,12,67
QB,24,7,8,12,33
QB,24,1,26,7,52
QB,24,2,25,2,38304
QB,24,5,27,2,29523
QB,24,1,4,5,3465
QB,24,6,28,10,30
QB,24,2,13,6,532
QB,24,3,19,6,614
QB,24,4,9,1,122
QB,24,4,25,12,39
QB,24,5,2,10,24
QB,24,6,25,12,51
QB,24,6,26,14,215
QB,24,5,27,7,20
QB,24,7,29,1,98
QB,24,8,23,11,42
QB,24,5,19,1,112
QB,25,3,29,2,14374
QB,24,2,29,2,33020
QB,24,1,25,5,3108
QB,24,3,7,5,3364
QB,24,6,11,3,5951
QB,24,6,5,5,3547
QB,24,1,18,6,663
QB,24,1,7,1,16
QB,24,7,19,10,20
QB,24,1,9,12,42
QB,24,7,6,7,24
QB,24,5,4,12,31
QB,24,5,14,10,15
QB,24,4,12,12,13
QB,24,4,5,3,5332
QB,24,3,12,2,26873
QB,24,8,20,5,4083
QB,24,1,11,5,3414
QB,24,2,14,6,652
QB,24,2,5,9,1332
QB,24,6,27,1,120
QB,24,6,22,8,154
QB,24,2,2,7,50
QB,24,8,18,11,18
QB,24,4,3,11,32
QB,24,6,8,14,16
QB,24,6,14,4,301
QB,24,2,27,5,3396
QB,24,4,26,8,209
QB,24,8,16,14,85
QB,24,3,11,6,562
QB,24,5,13,1,97
QB,24,8,15,4,305
QB,24,5,27,1,41
QB,24,1,28,8,96
QB,24,4,7,8,77
QB,24,5,16,12,49
QB,24,7,24,11,44
QB,24,8,28,7,49
QB,24,5,22,11,39
QB,24,6,23,11,12
QB,24,5,17,2,28175
QB,24,7,25,3,6166
QB,24,5,9,9,480
QB,24,5,13,3,5666
QB,24,1,22,9,1351
QB,24,3,27,4,227
QB,24,6,10,6,636
QB,24,6,12,6,605
QB,24,3,3,8,79
QB,24,6,6,14,40
QB,24,3,22,4,203
QB,24,2,27,1,58
QB,24,2,26,7,66
QB,24,6,7,14,14
QB,24,7,24,10,9
QB,24,7,19,14,224
QB,24,8,12,2,30435
QB,24,6,6,6,696
QB,24,3,23,3,3601
QB,24,4,12,6,638
QB,24,5,10,8,211
QB,24,2,20,14,213
QB,24,6,15,9,660
QB,24,5,6,7,43
QB,24,4,30,10,20
QB,24,1,24,1,31
QB,24,8,21,10,11
QB,24,5,19,6,115
QB,24,1,16,5,2945
QB,24,8,1,6,662
QB,24,6,23,7,11
QB,24,6,8,12,38
QB,24,6,29,5,2039
QB,24,6,20,5,3555
QB,24,8,5,9,1455
QB,24,1,26,4,197
QB,24,3,20,1,43
QB,24,5,9,4,91
QB,24,3,19,12,26
QB,24,3,7,1,78
QB,24,7,30,11,42
QB,24,6,17,12,39
QB,25,3,16,3,1901
QB,24,6,22,2,37238
QB,24,4,10,3,5673
QB,24,7,7,2,37782
QB,24,5,6,2,31770
QB,24,1,11,6,658
QB,24,2,10,3,4073
QB,24,7,14,5,1100
QB,24,3,7,6,624
QB,24,8,23,4,261
QB,24,2,2,9,1333
QB,24,8,22,6,649
QB,24,7,25,11,43
QB,24,8,5,11,24
QB,24,3,16,8,119
QB,24,8,1,1,141
QB,24,6,13,7,40
QB,24,3,24,1,26
QB,24,2,12,12,34
QB,24,3,15,11,33
QB,24,1,16,2,29534
QB,24,6,10,5,3635
QB,24,8,4,3,3436
QB,24,3,20,5,3212
QB,24,1,27,4,183
QB,24,1,13,8,114
QB,24,6,10,8,197
QB,24,6,21,1,147
QB,24,1,22,12,31
QB,24,6,16,11,6
QB,25,1,13,3,2126
QB,24,7,21,11,9
QB,24,8,4,14,13
QB,24,3,17,2,37634
QB,24,1,15,2,34387
QB,24,8,25,3,3589
QB,24,5,31,5,3417
QB,24,3,3,5,1006
QB,24,2,16,8,321
QB,24,6,20,8,244
QB,24,4,8,1,68
QB,24,8,14,7,34
QB,24,2,3,8,154
QB,24,1,17,10,19
QB,24,3,29,11,34
QB,24,7,3,14,30
QB,24,5,31,12,49
QB,24,3,15,13,1
QB,24,8,24,2,39177
QB,24,2,29,3,6718
QB,24,6,14,5,3531
QB,24,3,21,9,1474
QB,24,5,22,5,3441
QB,24,2,12,9,1274
QB,24,8,31,5,2201
QB,24,3,27,6,678
QB,24,3,15,6,582
QB,24,1,1,9,243
QB,24,2,5,4,210
QB,24,1,28,4,143
QB,24,3,31,6,82
QB,24,1,27,14,81
QB,24,4,5,6,631
QB,24,7,4,8,25
QB,24,6,23,9,445
QB,24,1,28,12,17
QB,24,6,8,11,15
QB,24,1,8,7,34
QB,24,1,1,12,9
QB,24,6,18,2,33559
QB,24,6,29,6,297
QB,24,3,7,3,5884
QB,24,2,7,12,58
QB,24,7,26,6,655
QB,24,3,5,4,209
QB,24,2,26,11,26
QB,24,4,24,7,49
QB,24,5,27,4,175
QB,24,8,6,11,51
QB,24,6,10,14,27
QB,24,5,6,10,27
QB,24,5,18,11,22
QB,24,7,10,7,2
QB,24,6,14,11,37
QB,24,2,7,11,46
QB,24,3,8,2,28549
QB,24,8,23,6,694
QB,24,4,6,5,1686
QB,24,5,7,6,736
QB,24,3,4,4,206
QB,24,7,26,7,35
QB,24,8,12,7,35
QB,24,3,13,11,32
QB,24,5,12,7,17
QB,24,1,3,14,21
QB,24,2,3,3,4368
QB,24,8,12,5,3624
QB,24,1,13,9,528
QB,24,5,16,8,221
QB,24,8,2,8,266
QB,24,6,12,4,236
QB,24,4,28,8,78
QB,24,3,19,11,52
QB,24,4,30,11,32
QB,24,8,22,12,66
QB,24,6,6,7,43
QB,24,1,21,4,131
QB,24,8,21,2,31476
QB,24,8,25,1,123
QB,24,4,27,3,4231
QB,24,1,12,3,6235
QB,24,2,17,6,310
QB,25,2,2,2,14875
QB,24,5,1,1,152
QB,24,8,19,14,54
QB,24,8,29,11,38
QB,24,1,31,10,14
QB,24,8,9,12,54
QB,24,7,30,14,18
QB,24,6,9,12,17
QB,24,1,13,11,1
QB,24,4,12,2,28215
QB,24,3,27,9,1433
QB,24,1,1,3,3473
QB,24,2,2,10,15
QB,24,2,20,8,256
QB,24,8,7,3,5843
QB,24,1,19,9,1289
QB,24,7,21,9,466
QB,24,7,6,6,257
QB,24,5,22,4,277
QB,24,1,27,8,142
QB,24,4,10,6,616
QB,24,3,22,11,31
QB,24,7,22,11,24
QB,24,1,19,7,39
QB,24,1,12,14,15
QB,24,6,29,10,17
QB,24,6,9,7,10
QB,24,7,16,9,1517
QB,24,2,16,4,227
QB,24,8,22,8,323
QB,24,2,9,7,42
QB,24,5,7,12,42
QB,24,1,20,9,624
QB,24,2,17,1,12
QB,24,5,23,7,44
QB,25,3,6,3,2239
QB,24,5,11,1,87
QB,25,1,29,2,11094
QB,24,3,29,1,61
QB,24,3,15,7,31
QB,24,6,12,11,37
QB,24,6,10,11,24
QB,24,1,29,1,42
QB,25,3,1,2,15875
QB,24,7,25,8,284
QB,24,6,5,8,266
QB,24,1,21,9,455
QB,24,8,20,8,325
QB,24,6,5,9,1598
QB,24,1,16,12,33
QB,24,3,4,8,180
QB,24,3,1,12,53
QB,24,3,1,7,64
QB,24,2,23,1,51
QB,24,3,20,10,24
QB,25,3,23,2,16489
QB,24,4,8,14,26
QB,24,7,25,2,30044
QB,24,8,16,5,3546
QB,24,1,14,4,141
QB,24,3,28,3,5610
QB,24,7,15,1,122
QB,24,5,6,4,269
QB,24,7,6,4,174
QB,24,7,11,9,360
QB,24,6,13,4,253
QB,24,8,26,1,109
QB,24,8,6,4,264
QB,24,6,14,1,101
QB,24,6,27,7,43
QB,24,1,26,14,28
QB,24,2,24,14,14
QB,24,8,20,2,32896
QB,24,7,31,4,401
QB,24,8,22,5,4030
QB,24,5,30,3,5756
QB,24,7,8,5,3569
QB,24,7,17,5,3815
QB,24,2,13,2,28596
QB,24,1,5,5,2704
QB,24,5,16,9,1470
QB,24,3,6,3,6057
QB,24,2,16,9,1732
QB,24,6,16,5,1055
QB,24,3,4,6,612
QB,24,8,25,4,210
QB,24,8,22,11,46
QB,24,2,23,14,75
QB,24,8,15,1,132
QB,24,8,10,11,17
QB,24,5,26,8,64
QB,24,7,22,12,42
QB,24,3,11,14,19
QB,24,6,16,8,66
QB,24,7,25,12,73
QB,24,5,8,12,18
QB,24,8,23,2,32853
QB,24,7,6,3,4084
QB,24,7,17,3,6254
QB,24,8,24,6,269
QB,24,7,9,5,3297
QB,24,6,13,9,1491
QB,24,4,29,9,1372
QB,24,8,17,4,200
QB,24,7,2,1,134
QB,24,4,11,8,243
QB,24,5,27,5,1537
QB,24,8,31,1,99
QB,24,7,31,1,107
QB,24,5,24,11,40
QB,24,2,22,1,39
QB,24,2,15,11,40
QB,24,7,5,4,214
QB,24,6,24,7,38
QB,24,2,21,10,19
QB,25,1,26,2,15236
QB,24,6,21,10,25
QB,24,1,24,6,681
QB,24,5,9,3,3148
QB,24,8,27,9,1802
QB,24,2,8,1,65
QB,24,7,9,7,46
QB,24,8,19,4,265
QB,24,1,25,4,185
QB,24,5,28,11,25
QB,24,8,11,4,181
QB,24,3,10,6,74
QB,24,1,19,10,41
QB,24,7,15,4,273
QB,24,2,11,1,43
QB,24,3,13,14,82
QB,24,4,8,10,19
QB,24,5,5,11,9
QB,24,1,4,14,29
QB,24,7,23,2,31624
QB,24,7,29,3,5111
QB,24,8,3,5,1897
QB,24,2,6,1,54
QB,24,3,30,4,166
QB,24,1,4,8,301
QB,24,6,18,8,251
QB,24,2,9,11,27
QB,24,3,23,7,23
QB,24,2,18,7,16
QB,24,7,6,14,12
QB,24,5,8,10,3
QB,24,4,24,3,5704
QB,24,6,25,5,3609
QB,24,5,29,3,5751
QB,24,5,29,5,3503
QB,24,1,24,7,65
QB,24,3,10,3,3281
QB,24,6,28,7,36
QB,24,3,24,12,14
QB,24,5,28,10,18
QB,24,1,10,9,1350
QB,24,8,1,9,1704
QB,24,3,16,3,3886
QB,24,8,16,11,44
QB,24,7,31,12,53
QB,24,1,11,4,266
QB,24,3,24,8,108
QB,24,4,4,4,222
QB,24,7,13,7,24
QB,24,4,2,7,35
QB,24,3,20,11,34
QB,24,6,18,1,119
QB,24,5,1,14,92
QB,24,7,11,7,8
QB,24,4,30,12,33
QB,24,8,11,11,14
QB,24,5,10,5,3065
QB,24,3,20,7,38
QB,24,2,8,3,6626
QB,24,4,9,5,3372
QB,24,4,4,5,3262
QB,24,1,27,9,627
QB,24,3,24,4,187
QB,24,1,24,9,1435
QB,24,8,14,6,629
QB,24,8,14,4,249
QB,24,1,29,8,213
QB,24,1,15,7,42
QB,24,1,2,14,46
QB,24,6,1,12,10
QB,24,1,5,14,20
QB,24,3,10,7,16
QB,24,1,21,2,37019
QB,24,5,2,2,30692
QB,24,7,15,8,206
QB,24,2,12,2,35504
QB,24,6,21,9,1598
QB,24,3,19,3,5502
QB,24,5,8,3,2953
QB,24,3,3,6,79
QB,24,1,26,6,619
QB,24,7,21,1,109
QB,24,1,18,8,279
QB,24,6,6,8,233
QB,25,3,29,3,1707
QB,24,7,17,12,48
QB,24,7,17,1,74
QB,25,3,14,2,12845
QB,24,4,24,10,19
QB,24,2,19,10,18
QB,24,6,24,11,32
QB,24,3,20,12,40
QB,25,3,4,2,12098
QB,24,8,20,11,56
QB,24,5,21,9,1491
QB,24,1,5,8,225
QB,24,6,14,14,40
QB,24,1,15,5,2803
QB,24,5,25,5,1762
QB,24,2,24,9,600
QB,24,7,8,8,190
QB,24,8,31,6,237
QB,24,5,7,9,1473
QB,24,5,14,1,101
QB,24,6,23,8,71
QB,24,4,6,6,218
QB,24,7,26,8,267
QB,24,6,16,12,21
QB,25,1,29,3,1784
QB,24,4,3,14,26
QB,24,1,11,2,31995
QB,24,6,19,2,34808
QB,24,6,27,2,31733
QB,24,4,25,9,1413
QB,24,1,3,5,3274
QB,24,5,23,8,283
QB,24,5,22,12,50
QB,24,5,10,7,40
QB,24,8,23,12,59
QB,24,5,31,3,5735
QB,24,7,18,1,144
QB,24,6,11,4,241
QB,24,3,2,1,15
QB,24,8,8,14,140
QB,24,2,27,11,48
QB,24,3,31,1,66
QB,24,6,24,10,20
QB,24,3,30,14,40
QB,24,8,12,12,38
QB,24,4,1,1,54
QB,24,8,28,12,71
QB,24,6,12,12,51
QB,24,7,10,1,5
QB,24,5,6,1,89
QB,25,3,22,5,1191
QB,24,1,1,7,8
QB,24,7,9,3,5566
QB,24,8,16,2,32444
QB,24,3,26,5,3297
QB,24,7,22,2,33255
QB,24,5,21,3,5776
QB,24,4,29,5,3106
QB,24,2,6,8,289
QB,24,6,21,4,248
QB,24,6,21,8,246
QB,24,1,19,1,40
QB,24,2,10,9,616
QB,24,2,21,8,255
QB,24,8,15,8,317
QB,24,2,29,1,67
QB,24,1,28,14,13
QB,24,7,2,7,34
QB,24,8,1,3,5703
QB,24,4,7,5,1103
QB,24,4,10,9,1423
QB,24,8,29,4,319
QB,24,7,2,6,681
QB,24,2,21,6,700
QB,24,7,7,4,186
QB,24,5,1,4,263
QB,24,4,24,12,51
QB,25,3,19,2,11815
QB,24,8,3,12,26
QB,24,4,6,11,20
QB,24,4,28,12,27
QB,24,8,7,10,22
QB,24,4,24,2,29648
QB,24,7,6,2,37364
QB,24,8,7,2,30687
QB,24,7,21,4,187
QB,24,6,20,14,112
QB,24,1,4,9,1566
QB,24,5,2,14,52
QB,24,7,31,14,231
QB,24,1,12,7,61
QB,24,2,28,7,58
QB,24,3,19,1,55
QB,24,3,6,12,44
QB,24,4,13,6,4
QB,24,5,22,10,17
QB,24,8,27,2,31028
QB,24,5,22,2,27515
QB,24,7,13,3,4090
QB,24,2,27,3,6661
QB,24,1,31,3,6503
QB,24,1,19,4,266
QB,24,6,23,5,1173
QB,24,6,14,6,663
QB,24,4,27,8,139
QB,24,4,25,7,42
QB,24,2,25,1,30
QB,24,7,23,12,49
QB,24,6,30,14,13
QB,24,3,22,9,1448
QB,24,5,8,5,1198
QB,24,1,27,7,25
QB,24,2,7,7,63
QB,24,8,6,10,13
QB,24,6,28,14,26
QB,24,6,19,11,37
QB,24,2,20,3,6167
QB,24,5,11,3,3987
QB,24,3,23,2,29870
QB,24,3,14,9,1451
QB,24,6,13,5,3454
QB,24,6,22,3,4328
QB,24,8,6,5,3812
QB,24,5,24,9,1634
QB,24,3,25,5,3110
QB,24,5,6,8,172
QB,24,5,26,1,81
QB,24,1,1,8,35
QB,24,2,19,6,502
QB,24,3,29,4,239
QB,25,3,7,2,12483
QB,24,2,27,8,250
QB,24,6,26,7,52
QB,24,8,23,7,40
QB,24,1,5,12,37
QB,24,4,28,14,15
QB,24,6,17,7,35
QB,24,8,6,7,45
QB,24,5,30,11,30
QB,24,5,2,7,49
QB,24,2,11,10,2
QB,24,6,17,14,48
QB,24,8,2,2,32192
QB,24,1,5,9,1482
QB,24,6,8,3,4418
QB,24,8,28,5,4020
QB,24,4,12,5,3108
QB,24,1,28,3,3583
QB,24,5,30,5,3548
QB,24,6,28,8,258
QB,24,3,15,14,134
QB,24,2,12,4,197
QB,24,6,9,9,446
QB,24,8,20,6,618
QB,24,5,31,4,332
QB,24,6,11,7,31
QB,24,8,29,10,15
QB,24,7,24,7,44
QB,24,7,24,12,74
QB,24,4,27,11,16
QB,24,2,11,14,2
QB,25,3,4,6,349
QB,25,2,8,2,13438
QB,24,1,8,5,3197
QB,24,5,18,4,187
QB,24,8,9,5,3341
QB,24,7,31,6,665
QB,24,1,8,8,218
QB,24,6,28,11,48
QB,24,7,21,8,77
QB,24,8,16,8,289
QB,24,8,26,4,308
QB,24,5,2,8,239
QB,24,3,17,12,19
QB,24,8,8,7,40
QB,24,7,15,10,24
QB,24,2,4,4,184
QB,25,2,22,5,1153
QB,25,3,9,2,15827
QB,24,2,3,1,35
QB,24,4,6,2,31807
QB,24,8,19,9,1463
QB,24,2,27,9,1501
QB,24,2,26,5,3360
QB,24,6,8,6,232
QB,24,8,11,9,440
QB,24,5,6,6,611
QB,24,3,31,9,377
QB,24,6,20,1,159
QB,24,3,29,14,23
QB,24,3,1,10,16
QB,24,7,25,7,57
QB,24,1,20,7,30
QB,24,8,12,14,87
QB,24,7,7,12,27
QB,24,8,4,12,27
QB,24,3,29,7,36
QB,24,2,22,10,20
QB,24,6,9,2,39289
QB,24,5,7,3,6086
QB,24,1,21,5,937
QB,24,8,15,5,3949
QB,24,8,28,6,680
QB,24,3,12,9,1396
QB,24,2,8,11,42
QB,24,8,18,8,91
QB,24,2,25,9,437
QB,24,7,24,6,709
QB,24,5,11,4,149
QB,24,7,5,12,22
QB,24,2,1,12,55
QB,24,2,28,4,229
QB,24,8,22,4,276
QB,24,5,18,7,23
QB,24,3,1,14,19
QB,24,3,20,4,204
QB,24,1,8,1,48
QB,24,4,9,7,47
QB,24,4,23,1,57
QB,24,1,24,11,42
QB,24,4,22,4,42
QB,24,2,29,11,20
QB,24,2,11,2,39604
QB,24,6,2,3,3021
QB,24,1,23,6,732
QB,24,5,10,9,1318
QB,24,5,18,9,677
QB,24,3,29,9,1150
QB,24,5,28,6,596
QB,24,2,17,12,14
QB,24,7,4,2,27834
QB,24,8,3,3,4290
QB,24,2,23,5,3127
QB,24,6,20,3,6102
QB,24,6,2,5,906
QB,24,5,22,6,690
QB,24,8,25,9,499
QB,24,3,15,9,1290
QB,24,8,7,5,3576
QB,24,1,12,12,34
QB,24,1,10,1,62
QB,24,4,4,11,22
QB,24,7,10,6,32
QB,24,8,1,10,12
QB,24,7,12,10,13
QB,24,3,14,2,27280
QB,24,1,10,3,6618
QB,24,8,6,9,1647
QB,25,2,20,2,11296
QB,24,1,14,6,61
QB,24,1,24,4,186
QB,24,3,6,4,206
QB,24,1,12,8,297
QB,24,5,9,12,33
QB,24,8,30,10,23
QB,24,1,23,10,33
QB,24,5,12,4,157
QB,24,8,24,11,22
QB,24,3,10,1,36
QB,24,6,12,2,31843
QB,24,4,30,3,5987
QB,24,1,13,3,4453
QB,24,1,9,6,601
QB,24,7,4,3,2584
QB,24,8,21,11,47
QB,24,8,21,4,266
QB,24,6,30,4,229
QB,24,2,2,4,223
QB,24,1,3,4,215
QB,24,8,13,11,47
QB,24,4,27,1,99
QB,24,6,17,8,186
QB,24,7,23,10,17
QB,24,6,13,14,22
QB,24,2,24,1,39
QB,25,1,11,3,1469
QB,24,1,21,14,16
QB,24,1,25,14,20
QB,24,8,26,10,18
QB,25,1,17,2,12118
QB,24,8,8,2,29708
QB,24,8,9,3,5477
QB,24,6,28,9,1643
QB,24,3,24,3,3468
QB,24,5,2,3,6188
QB,24,6,29,4,248
QB,24,6,2,4,146
QB,24,2,14,9,1406
QB,24,1,30,7,62
QB,24,8,11,6,110
QB,24,7,12,14,59
QB,24,7,22,8,200
QB,24,2,2,1,53
QB,24,1,18,7,64
QB,24,3,8,7,38
QB,24,7,6,12,22
QB,24,8,3,2,37689
QB,24,8,19,2,33371
QB,24,5,14,2,28096
QB,24,7,4,5,809
QB,24,3,18,9,1355
QB,24,2,2,6,593
QB,24,3,24,6,78
QB,24,2,19,8,182
QB,24,7,3,1,86
QB,24,2,27,10,20
QB,24,1,8,10,11
QB,24,1,16,10,7
QB,24,2,4,2,37260
QB,24,2,27,2,33494
QB,24,6,11,5,3642
QB,24,1,8,2,32435
QB,24,7,16,2,29092
QB,24,3,27,3,5608
QB,24,6,12,8,243
QB,24,3,14,4,242
QB,24,5,21,12,48
QB,24,6,19,7,63
QB,24,7,3,10,15
QB,24,3,23,14,18
QB,24,3,4,14,67
QB,24,8,13,12,55
QB,24,6,15,2,37016
QB,24,1,24,5,3085
QB,24,5,6,5,3404
QB,24,3,31,5,913
QB,24,4,29,8,181
QB,24,7,24,8,306
QB,24,8,6,6,704
QB,24,8,17,8,173
QB,24,4,29,14,31
QB,24,6,19,4,224
QB,24,6,30,1,57
QB,24,6,2,8,42
QB,24,3,21,1,46
QB,24,6,20,10,21
QB,24,7,19,7,49
QB,24,4,22,11,6
QB,24,5,15,14,52
QB,24,8,20,14,23
QB,24,3,21,2,27425
QB,24,5,26,3,3389
QB,24,4,5,2,28869
QB,24,1,26,3,6024
QB,24,4,1,9,1310
QB,24,8,15,9,1665
QB,24,2,11,5,950
QB,24,6,1,2,1784
QB,24,6,6,4,267
QB,24,5,1,8,218
QB,24,7,15,7,49
QB,24,7,20,8,167
QB,24,1,25,11,43
QB,24,1,3,7,57
QB,24,5,10,12,32
QB,24,1,5,11,25
QB,24,1,31,2,33200
QB,24,7,19,2,30454
QB,24,7,18,3,5995
QB,24,8,26,3,5888
QB,24,8,6,3,6022
QB,24,3,21,3,5681
QB,24,2,16,6,728
QB,24,8,23,8,293
QB,24,2,4,9,425
QB,24,2,6,4,213
QB,24,4,27,7,24
QB,24,2,14,1,60
QB,24,6,29,12,45
QB,24,8,10,13,1
QB,24,1,31,9,1473
QB,24,6,6,3,5578
QB,24,7,6,9,596
QB,24,2,13,9,1015
QB,24,6,25,14,121
QB,24,1,23,8,266
QB,24,5,31,10,22
QB,24,4,7,14,9
QB,24,3,8,10,23
QB,24,7,7,14,8
QB,24,5,4,5,1764
QB,24,2,6,3,6492
QB,24,3,25,3,5699
QB,24,5,26,5,1056
QB,24,7,28,3,3743
QB,24,4,1,6,552
QB,24,6,8,9,655
QB,24,7,11,6,169
QB,24,3,17,1,56
QB,24,3,15,4,287
QB,25,2,7,5,2188
QB,24,5,29,14,136
QB,24,5,5,14,8
QB,24,6,10,7,26
QB,24,1,25,12,45
QB,24,7,11,1,82
QB,24,5,16,3,5567
QB,24,3,13,3,5677
QB,24,7,14,2,35728
QB,24,2,24,3,4469
QB,24,2,29,9,1435
QB,24,7,8,14,21
QB,24,6,30,9,443
QB,24,7,13,11,18
QB,24,8,16,1,132
QB,24,2,8,10,22
QB,24,1,31,14,24
QB,24,3,27,7,38
QB,24,5,20,2,29130
QB,24,4,26,3,5805
QB,24,7,12,9,1661
QB,24,8,11,3,3399
QB,24,6,4,5,3518
QB,24,3,9,5,1522
QB,24,8,31,14,21
QB,24,3,6,5,3010
QB,24,3,2,7,21
QB,24,2,23,10,21
QB,24,7,31,10,18
QB,24,5,10,1,78
QB,24,7,31,11,44
QB,24,8,18,7,13
QB,24,8,4,1,59
QB,24,6,9,6,76
QB,24,8,3,1,75
QB,25,3,13,2,11765
QB,24,8,6,12,63
QB,24,8,2,3,5972
QB,24,4,22,9,423
QB,24,3,11,4,193
QB,24,5,4,6,247
QB,24,2,22,12,59
QB,24,7,4,12,11
QB,24,2,12,3,6551
QB,24,8,14,3,5924
QB,24,3,5,3,5583
QB,24,7,2,9,1607
QB,24,8,12,3,5564
QB,24,7,16,5,3456
QB,24,8,24,7,30
QB,24,5,15,8,221
QB,24,5,12,12,21
QB,24,5,4,11,15
QB,24,3,18,10,17
QB,24,5,31,1,190
QB,24,5,27,3,3742
QB,24,8,25,5,1312
QB,24,2,1,3,6541
QB,24,6,19,3,6369
QB,24,1,23,5,3333
QB,24,4,28,9,449
QB,24,3,31,3,3302
QB,24,3,24,9,442
QB,24,8,14,8,290
QB,24,6,27,9,1600
QB,24,2,7,4,259
QB,24,3,7,7,73
QB,24,8,30,8,272
QB,24,7,19,11,31
QB,24,8,13,4,263
QB,24,1,6,6,207
QB,25,1,25,2,15177
QB,25,3,20,3,2442
QB,24,7,15,2,33026
QB,24,7,3,2,18252
QB,24,3,20,9,1491
QB,24,3,8,3,5482
QB,24,2,1,5,3507
QB,24,5,28,9,1476
QB,24,4,10,11,35
QB,24,2,7,6,677
QB,24,5,28,12,29
QB,24,1,3,12,58
QB,24,1,31,4,197
QB,24,7,16,7,44
QB,24,3,29,12,42
QB,24,1,4,7,47
QB,24,3,22,7,28
QB,24,4,23,12,23
QB,24,4,12,10,12
QB,24,5,19,7,17
QB,24,1,6,14,10
QB,24,5,9,2,17778
QB,24,5,18,2,33082
QB,24,8,29,3,5744
QB,24,7,15,9,1512
QB,24,7,24,4,273
QB,24,3,5,6,605
QB,24,5,12,5,899
QB,24,2,23,6,653
QB,24,7,6,8,121
QB,24,6,15,14,111
QB,24,4,5,11,31
QB,24,1,3,6,680
QB,24,7,13,4,182
QB,24,8,17,6,285
QB,24,6,15,7,22
QB,24,1,10,8,216
QB,24,6,30,12,20
QB,25,1,24,2,11667
QB,24,8,9,10,21
QB,24,8,20,7,40
QB,24,6,6,11,40
QB,24,3,4,12,37
QB,24,8,14,2,32083
QB,24,8,23,3,5505
QB,24,2,14,2,31609
QB,24,8,31,2,38496
QB,24,1,17,7,47
QB,24,1,30,1,45
QB,24,2,11,8,85
QB,24,6,26,4,335
QB,24,5,8,14,48
QB,24,3,11,12,27
QB,24,5,29,8,280
QB,24,1,4,1,33
QB,25,1,18,2,14676
QB,24,7,1,2,31279
QB,24,1,8,9,1447
QB,24,1,24,2,32109
QB,24,1,31,5,3304
QB,24,2,23,3,6095
QB,24,2,3,5,1681
QB,24,6,11,12,37
QB,24,7,14,9,421
QB,24,1,27,5,1740
QB,24,6,25,4,323
QB,24,7,9,1,146
QB,24,1,21,7,24
QB,24,5,3,8,234
QB,24,2,28,1,34
QB,25,1,2,2,12280
QB,24,4,4,12,24
QB,24,1,25,2,31511
QB,24,7,3,3,4368
QB,24,8,24,4,202
QB,24,5,8,6,193
QB,24,7,16,14,189
QB,24,2,24,6,262
QB,24,8,19,1,74
QB,24,8,14,14,39
QB,24,2,23,12,44
QB,24,2,12,14,20
QB,24,8,21,5,3797
QB,24,7,19,12,54
QB,24,3,7,14,139
QB,24,4,2,14,29
QB,24,5,13,14,13
QB,24,5,20,7,54
QB,24,1,11,10,19
QB,24,4,10,12,49
QB,24,2,12,5,3119
QB,24,8,22,9,1762
QB,24,8,21,3,5797
QB,24,2,21,5,3263
QB,24,3,11,9,1340
QB,24,8,18,4,194
QB,24,7,9,14,192
QB,24,8,6,1,86
QB,24,6,16,6,73
QB,24,3,3,11,11
QB,25,2,13,2,11237
QB,24,3,6,10,18
QB,24,7,29,11,25
QB,24,6,10,2,32948
QB,24,6,3,2,29401
QB,24,5,4,3,4188
QB,24,6,26,3,6002
QB,24,7,2,3,5968
QB,24,4,5,7,46
QB,24,8,5,4,303
QB,24,8,12,4,283
QB,24,1,7,4,146
QB,24,1,7,12,23
QB,24,4,4,14,27
QB,24,2,17,10,6
QB,24,3,31,14,10
QB,24,1,18,10,25
QB,24,2,19,2,35719
QB,24,5,29,9,1600
QB,24,4,10,2,29495
QB,24,2,11,3,3587
QB,24,7,19,1,173
QB,25,1,1,2,15449
QB,24,2,2,8,254
QB,24,6,4,1,144
QB,24,2,9,4,207
QB,24,5,2,6,726
QB,24,1,18,4,214
QB,24,3,2,8,158
QB,24,7,3,4,161
QB,24,8,13,7,46
QB,24,5,27,8,84
QB,24,2,27,14,29
QB,24,8,10,14,20
QB,24,1,25,10,24
QB,24,3,13,5,3148
QB,24,6,20,2,31999
QB,24,2,16,2,34308
QB,24,8,1,2,29004
QB,24,7,28,8,94
QB,24,6,15,11,19
QB,25,3,30,2,13671
QB,24,8,8,9,1542
QB,24,7,5,9,1121
QB,24,1,28,9,426
QB,24,7,4,9,166
QB,24,8,15,6,674
QB,24,3,16,5,1576
QB,24,2,21,9,1430
QB,24,8,2,4,344
QB,24,2,3,4,136
QB,24,1,26,10,15
QB,25,1,30,2,10488
QB,24,5,7,14,28
QB,24,6,24,3,6201
QB,24,2,20,2,30845
QB,24,6,16,1,105
QB,24,1,19,2,30072
QB,24,3,20,3,5812
QB,24,4,7,3,3486
QB,24,8,20,9,1737
QB,24,3,3,9,422
QB,24,7,22,10,22
QB,24,1,17,12,44
QB,24,1,10,13,1
QB,24,4,12,7,50
QB,24,8,20,3,6063
QB,24,3,25,9,1426
QB,24,7,25,5,3791
QB,24,2,18,9,448
QB,24,5,28,3,5716
QB,24,5,3,6,678
QB,24,7,20,12,32
QB,24,6,15,1,126
QB,24,2,20,11,37
QB,24,4,5,14,22
QB,24,3,17,6,87
QB,24,8,14,11,51
QB,24,8,8,10,14
QB,24,6,1,6,22
QB,24,5,11,12,25
QB,25,2,3,5,2394
QB,24,1,17,9,1478
QB,24,7,24,3,6320
QB,24,8,16,9,1576
QB,24,6,23,3,4118
QB,24,7,6,5,1731
QB,24,1,23,14,24
QB,24,5,2,4,288
QB,24,6,10,1,113
QB,24,2,19,1,32
QB,24,1,30,11,35
QB,24,8,27,10,16
QB,24,4,22,7,7
QB,24,5,4,2,35764
QB,24,1,17,4,220
QB,24,5,4,9,684
QB,24,3,24,5,851
QB,24,1,19,6,591
QB,24,1,5,7,48
QB,24,1,13,5,1534
QB,24,2,22,6,724
QB,24,1,13,1,36
QB,24,3,29,8,193
QB,24,8,18,6,68
QB,24,7,12,1,105
QB,24,2,20,4,302
QB,24,2,15,14,40
QB,25,3,13,5,2369
QB,24,6,21,14,25
QB,24,7,2,10,27
QB,24,3,28,14,58
QB,24,6,21,2,33407
QB,24,1,7,2,33717
QB,24,8,2,9,1492
QB,24,3,6,6,609
QB,24,8,3,4,222
QB,24,7,29,4,279
QB,24,4,24,4,217
QB,24,5,4,10,13
QB,24,7,13,14,6
QB,25,2,27,2,11151
QB,24,8,5,1,109
QB,24,3,22,14,26
QB,25,3,28,2,5578
QB,24,5,23,11,42
QB,24,3,12,14,23
QB,25,2,3,3,1891
QB,24,5,5,7,20
QB,24,7,5,2,35290
QB,24,2,19,3,5825
QB,24,6,28,3,6095
QB,24,7,13,5,1773
QB,24,1,14,3,3445
QB,24,7,17,6,656
QB,24,3,27,5,3232
QB,24,2,29,7,63
QB,24,5,17,1,111
QB,24,5,16,1,77
QB,24,6,24,4,407
QB,24,2,9,10,14
QB,24,3,11,8,196
QB,24,4,10,1,70
QB,24,5,3,7,37
QB,24,3,16,12,28
QB,24,6,18,12,46
QB,24,6,5,11,30
QB,24,8,10,7,30
QB,24,8,27,3,5637
QB,24,2,22,5,3327
QB,24,1,23,4,185
QB,24,8,7,4,350
QB,24,3,20,6,620
QB,24,7,12,7,51
QB,24,3,21,4,204
QB,24,7,12,4,279
QB,24,1,11,7,44
QB,24,7,23,1,99
QB,24,5,7,10,26
QB,24,1,31,7,64
QB,24,4,4,1,50
QB,24,1,6,11,20
QB,24,3,31,7,7
QB,24,2,25,14,10
QB,24,8,11,2,37796
QB,24,5,19,3,3592
QB,24,4,29,6,583
QB,24,7,23,9,1647
QB,24,3,19,8,230
QB,24,6,25,9,1509
QB,24,3,30,9,620
QB,24,4,11,7,32
QB,24,8,21,1,120
QB,24,5,14,7,40
QB,24,3,13,7,41
QB,24,5,29,12,60
QB,25,3,21,2,12969
QB,24,5,12,8,72
QB,24,1,28,1,15
QB,24,6,27,5,3617
QB,24,7,18,6,674
QB,24,6,25,8,249
QB,24,1,6,9,664
QB,24,6,10,9,1515
QB,24,3,14,6,620
QB,24,1,2,11,21
QB,24,2,14,14,126
QB,24,2,26,1,66
QB,24,3,16,6,226
QB,24,1,8,4,192
QB,24,6,8,7,20
QB,24,5,24,7,33
QB,24,2,8,7,54
QB,24,6,11,1,126
QB,24,1,20,12,22
QB,24,1,17,5,3108
QB,24,5,23,5,3494
QB,24,7,21,3,3731
QB,24,4,5,8,258
QB,24,3,5,9,1404
QB,24,6,29,1,119
QB,24,3,31,8,66
QB,24,3,13,9,1411
QB,24,8,10,4,168
QB,24,7,3,5,2737
QB,24,4,1,4,182
QB,24,5,3,4,251
QB,24,7,23,4,244
QB,24,8,31,4,211
QB,24,4,26,1,103
QB,24,4,5,4,216
QB,24,4,22,12,12
QB,25,2,3,2,11099
QB,24,6,18,11,36
QB,24,8,22,10,23
QB,24,2,21,1,49
QB,24,4,3,5,2788
QB,24,7,24,2,32726
QB,24,3,9,8,129
QB,24,1,5,2,20171
QB,24,8,13,5,3804
QB,24,5,20,4,225
QB,24,8,1,12,78
QB,24,1,29,6,580
QB,24,8,16,6,658
QB,24,8,24,8,214
QB,24,6,1,9,111
QB,24,8,13,1,156
QB,24,6,17,6,687
QB,24,8,27,8,349
QB,24,7,29,14,58
QB,24,6,5,1,114
QB,25,3,12,2,11904
QB,24,6,13,10,14
QB,24,3,9,7,21
QB,24,3,21,10,17
QB,24,7,28,2,38247
QB,24,8,15,3,6170
QB,24,7,31,5,3694
QB,24,8,30,2,33100
QB,24,7,29,6,593
QB,24,2,1,14,25
QB,24,8,4,9,449
QB,24,2,5,12,40
QB,24,7,1,8,193
QB,24,3,27,12,51
QB,24,2,10,8,158
QB,24,7,28,4,237
QB,24,5,10,14,178
QB,24,1,23,7,57
QB,24,8,5,12,44
QB,24,5,16,7,39
QB,24,8,15,14,95
QB,24,2,22,2,32026
QB,24,2,16,3,6289
QB,24,7,19,3,5685
QB,24,1,9,9,1412
QB,24,2,28,8,236
QB,24,7,27,5,1962
QB,24,8,26,5,3805
QB,24,2,11,9,421
QB,24,6,30,6,113
QB,24,3,1,1,49
QB,24,7,14,4,255
QB,24,2,26,14,208
QB,24,7,3,7,39
QB,24,3,2,4,157
QB,24,3,16,1,83
QB,24,7,18,11,34
QB,24,8,20,1,121
QB,24,4,26,12,37
QB,24,8,21,14,47
QB,24,2,24,11,17
QB,24,5,25,12,29
QB,24,5,14,12,44
QB,24,8,31,3,4119
QB,24,7,23,3,5925
QB,24,1,16,9,1261
QB,24,6,14,9,1496
QB,24,2,2,5,2987
QB,24,2,15,6,738
QB,24,7,27,4,379
QB,24,5,13,4,224
QB,24,2,16,1,46
QB,24,1,13,7,27
QB,24,1,3,8,275
QB,24,5,4,7,19
QB,24,1,22,7,36
QB,24,5,15,11,34
QB,25,2,23,5,733
QB,24,3,7,2,30858
QB,24,4,24,5,3071
QB,24,5,3,3,6185
QB,24,5,14,3,5676
QB,24,8,13,14,111
QB,24,6,12,9,1457
QB,24,8,10,9,617
QB,24,4,23,4,41
QB,24,6,29,8,189
QB,24,6,27,11,30
QB,24,1,26,11,36
QB,24,7,16,12,61
QB,24,7,30,10,13
QB,24,3,22,3,5538
QB,24,5,1,2,31032
QB,24,3,2,6,210
QB,24,3,30,5,1664
QB,24,6,24,9,1447
QB,24,6,15,5,1824
QB,24,3,23,6,167
QB,24,8,10,1,143
QB,24,2,18,5,921
QB,24,8,26,6,660
QB,24,1,10,4,213
QB,24,1,17,1,23
QB,24,2,5,10,12
QB,24,8,3,10,14
QB,24,1,6,2,32307
QB,24,8,13,2,30406
QB,24,7,25,1,147
QB,24,5,11,7,24
QB,25,1,12,2,15134
QB,24,2,13,1,17
QB,24,3,30,6,222
QB,24,1,24,14,33
QB,24,1,15,14,32
QB,24,2,5,7,44
QB,24,8,23,13,2
QB,24,7,12,11,43
QB,24,1,20,10,14
QB,24,1,20,14,11
QB,24,4,28,2,39524
QB,24,2,15,2,33888
QB,24,2,23,2,32969
QB,24,2,1,8,280
QB,24,6,26,9,1520
QB,24,2,29,4,287
QB,24,1,31,8,290
QB,24,3,21,8,253
QB,24,5,22,8,279
QB,25,1,22,2,11625
QB,24,8,25,12,24
QB,24,1,14,1,22
QB,24,8,4,2,37395
QB,24,6,14,3,6194
QB,24,2,16,11,40
QB,24,8,1,5,3580
QB,24,3,9,3,3751
QB,24,2,29,5,3549
QB,24,4,6,3,3876
QB,24,3,4,5,3281
QB,24,1,22,6,595
QB,24,6,14,8,241
QB,24,3,8,4,200
QB,24,7,21,6,150
QB,24,8,10,6,247
QB,24,2,17,7,29
QB,24,1,16,11,22
QB,24,7,8,7,39
QB,24,2,12,11,21
QB,24,3,5,1,36
QB,24,4,3,12,35
QB,24,4,25,11,34
QB,24,3,10,14,9
QB,24,5,23,2,25927
QB,24,4,23,3,3044
QB,24,5,14,5,3428
QB,24,3,4,9,1350
QB,24,6,28,6,741
QB,24,7,8,10,17
QB,24,4,7,4,188
QB,24,8,6,8,270
QB,24,3,29,10,11
QB,24,2,7,10,13
QB,24,6,2,7,8
QB,24,5,2,5,3548
QB,24,8,8,3,5565
QB,24,1,25,3,6137
QB,24,4,11,6,642
QB,24,1,22,8,213
QB,24,6,27,6,639
QB,24,6,1,5,86
QB,24,2,6,14,46
QB,24,3,25,7,21
QB,24,8,25,6,79
QB,24,1,25,7,58
QB,24,2,6,12,61
QB,24,5,5,10,2
QB,24,4,25,10,14
QB,24,4,7,12,26
QB,24,2,2,12,52
QB,24,8,21,9,1709
QB,24,3,13,12,36
QB,24,7,16,6,689
QB,24,3,14,8,239
QB,24,4,22,1,45
QB,24,6,13,12,58
QB,24,1,14,11,7
QB,25,3,8,2,15396
QB,24,6,6,2,28142
QB,24,4,28,5,1115
QB,24,7,20,5,2022
QB,24,2,17,8,149
QB,24,8,1,4,349
QB,24,6,24,6,570
QB,24,2,8,4,210
QB,24,1,7,8,64
QB,24,1,3,1,46
QB,24,5,18,14,35
QB,24,7,4,1,77
QB,24,4,28,1,122
QB,24,8,23,1,131
QB,24,1,2,9,1364
QB,24,8,18,3,3425
QB,24,8,11,5,1182
QB,24,7,31,8,280
QB,24,2,14,8,263
QB,24,2,17,4,151
QB,24,8,22,7,46
QB,25,1,21,3,2034
QB,24,8,29,12,63
QB,24,4,2,12,47
QB,25,2,14,2,11763
QB,24,6,3,11,28
QB,24,1,8,11,23
QB,24,5,3,2,32689
QB,24,7,12,5,3461
QB,24,8,2,1,125
QB,24,4,5,5,3202
QB,24,7,12,6,631
QB,24,2,29,8,249
QB,24,1,15,8,163
QB,24,1,7,6,85
QB,24,4,23,9,432
QB,24,1,22,4,197
QB,24,4,24,1,92
QB,24,4,8,11,22
QB,24,7,29,10,23
QB,24,6,14,10,26
QB,24,6,4,11,44
QB,24,6,12,10,9
QB,24,8,27,14,34
QB,24,1,3,3,6393
QB,24,7,15,3,6024
QB,24,6,1,3,202
QB,24,5,5,3,3692
QB,24,7,10,5,173
QB,24,1,7,5,821
QB,24,7,29,8,201
QB,24,3,12,4,183
QB,24,3,26,4,218
QB,24,3,21,11,34
QB,24,3,23,4,136
QB,24,8,30,12,53
QB,24,5,9,14,44
QB,24,4,10,10,16
QB,24,1,26,1,37
QB,24,7,24,14,25
QB,24,5,10,2,26928
QB,24,3,19,5,3275
QB,24,6,5,2,29766
QB,24,7,18,9,1625
QB,24,1,16,14,40
QB,24,5,3,12,54
QB,24,3,27,11,42
QB,24,7,19,8,225
QB,24,8,28,4,271
QB,24,2,12,7,48
QB,24,8,7,1,58
QB,24,7,14,6,106
QB,24,6,22,4,201
QB,24,5,12,1,54
QB,24,8,28,10,17
QB,24,8,23,14,36
QB,24,2,12,1,34
QB,24,7,26,10,16
QB,24,7,19,9,1537
QB,24,1,11,3,6683
QB,24,8,17,9,776
QB,24,2,23,4,264
QB,24,2,14,4,300
QB,24,7,13,9,642
QB,24,1,31,12,59
QB,24,8,4,6,96
QB,24,4,24,8,216
QB,24,7,14,14,132
QB,24,2,1,4,210
QB,24,1,1,1,38
QB,24,5,22,14,53
QB,25,2,24,2,12041
QB,24,1,27,11,26
QB,24,2,24,4,133
QB,24,3,6,1,36
QB,24,7,22,14,29
QB,24,5,12,11,10
QB,24,3,11,1,33
QB,24,1,22,11,26
QB,24,1,27,3,4385
QB,24,1,12,5,3262
QB,24,4,8,6,597
QB,24,7,11,11,17
QB,24,3,21,12,57
QB,24,3,19,7,37
QB,24,3,6,14,17
QB,24,5,14,14,23
QB,24,2,21,12,49
QB,24,7,2,5,3597
QB,24,8,16,3,5624
QB,24,3,6,2,29881
QB,24,1,10,5,3224
QB,24,2,5,5,3330
QB,24,1,2,4,181
QB,24,5,16,5,3285
QB,24,4,26,9,1330
QB,24,3,18,4,199
QB,24,8,30,6,646
QB,24,8,29,1,119
QB,24,8,26,14,99
QB,24,1,29,7,53
QB,24,8,3,14,19
QB,24,5,7,7,43
QB,25,2,18,2,11161
QB,25,1,8,5,2137
QB,24,2,28,3,6378
QB,24,5,29,2,26951
QB,24,1,29,9,1309
QB,24,6,21,3,6154
QB,24,1,8,14,21
QB,24,1,11,1,58
QB,24,7,15,12,34
QB,24,1,26,2,33523
QB,24,2,6,5,3449
QB,24,3,26,3,5709
QB,24,8,18,5,1195
QB,24,2,28,9,1393
QB,24,3,3,4,180
QB,24,6,4,4,277
QB,24,2,2,14,63
QB,24,8,8,4,318
QB,24,7,15,11,26
QB,25,1,31,2,11736
QB,24,5,16,4,255
QB,24,4,28,6,126
QB,24,5,1,11,34
QB,24,2,8,12,55
QB,24,3,30,12,20
QB,25,1,9,2,11704
QB,25,2,15,2,14304
QB,24,6,2,2,27804
QB,24,3,4,2,32393
QB,24,5,25,3,3992
QB,24,6,28,12,61
QB,24,8,30,9,1580
QB,24,5,17,12,30
QB,24,1,20,4,123
QB,24,5,24,8,289
QB,24,6,24,1,167
QB,24,5,9,7,16
QB,24,3,5,12,55
QB,24,5,16,11,29
QB,24,1,5,10,8
QB,24,3,20,2,27723
QB,24,8,23,9,1599
QB,24,7,4,4,103
QB,24,8,27,11,66
QB,24,3,12,5,3258
QB,24,7,1,6,684
QB,24,7,9,11,42
QB,24,3,28,12,42
QB,24,8,28,11,57
QB,24,8,16,4,260
QB,24,4,6,7,22
QB,24,4,25,1,89
QB,24,5,8,8,66
QB,24,2,3,12,37
QB,24,1,17,13,1
QB,24,1,19,11,23
QB,24,8,19,3,5912
QB,24,7,21,5,1171
QB,24,6,24,5,3441
QB,24,1,9,10,11
QB,24,7,27,12,35
QB,24,5,31,11,35
QB,24,6,2,14,6
QB,24,7,18,10,20
QB,24,5,23,1,111
QB,24,6,16,2,40408
QB,24,5,24,5,3156
QB,24,5,11,6,248
QB,24,3,11,2,28873
QB,24,6,11,8,235
QB,24,7,3,9,1313
QB,24,7,8,1,124
QB,24,4,5,9,1359
QB,24,2,12,6,640
QB,24,8,21,8,302
QB,24,3,10,4,163
QB,24,7,22,1,118
QB,24,3,23,8,119
QB,24,2,9,12,49
QB,24,7,16,8,257
QB,24,4,12,8,257
QB,24,7,19,4,396
QB,24,2,22,4,214
QB,24,3,23,1,25
QB,24,6,13,1,131
QB,24,7,25,10,14
QB,24,8,7,12,64
QB,24,3,22,12,58
QB,24,3,4,13,3
QB,24,4,29,13,2
QB,24,5,11,2,35612
QB,24,2,9,5,2935
QB,24,8,28,1,120
QB,24,4,11,4,230
QB,24,8,1,7,48
QB,24,2,10,1,74
QB,24,6,20,11,35
QB,25,1,7,2,11633
QB,24,2,14,3,6142
QB,24,6,13,2,32237
QB,24,6,20,9,1539
QB,24,8,17,5,2035
QB,24,3,14,10,19
QB,24,3,15,3,5233
QB,24,4,1,3,5416
QB,24,7,20,6,282
QB,24,6,3,14,18
QB,24,6,21,11,28
QB,24,8,8,8,278
QB,24,3,8,1,67
QB,24,5,9,6,192
QB,24,3,14,12,36
QB,24,5,19,14,10
QB,24,5,22,7,41
QB,24,8,15,11,39
QB,24,7,3,8,187
QB,24,1,18,12,55
QB,24,5,9,1,48
QB,24,3,3,1,71
QB,24,2,15,1,36
QB,24,3,2,2,35082
QB,24,8,17,3,4237
QB,24,5,23,9,1617
QB,24,5,30,6,679
QB,24,6,7,5,3390
QB,24,8,24,5,2115
QB,24,7,27,3,4529
QB,24,5,17,7,33
QB,24,6,25,6,696
QB,24,8,1,8,294
QB,24,4,23,5,1119
QB,24,1,1,6,44
QB,24,6,25,10,13
QB,24,2,10,7,30
QB,24,5,14,11,34
QB,24,6,18,14,20
QB,24,6,7,9,1455
QB,24,1,17,3,6398
QB,24,5,16,2,27260
QB,24,6,26,2,28452
QB,24,7,18,2,28315
QB,24,3,14,14,37
QB,24,7,9,6,687
QB,24,7,19,5,3397
QB,24,5,26,4,191
QB,24,2,24,8,156
QB,24,3,28,11,37
QB,24,2,20,9,1459
QB,24,3,28,5,2979
QB,24,8,8,5,3541
QB,24,5,3,9,1390
QB,24,8,27,6,693
QB,24,5,30,7,43
QB,24,8,30,7,45
QB,24,3,9,10,10
QB,24,4,11,1,36
QB,24,2,28,2,32589
QB,24,5,10,3,5274
QB,24,2,8,9,1505
QB,24,7,2,4,251
QB,24,3,12,8,231
QB,24,2,2,3,6043
QB,24,4,4,7,53
QB,24,8,28,9,1790
QB,24,7,9,8,237
QB,24,3,30,8,142
QB,24,1,13,6,235
QB,24,1,14,9,392
QB,24,6,3,1,120
QB,24,6,1,8,37
QB,24,8,11,7,17
QB,24,3,8,12,39
QB,24,8,11,12,27
QB,25,2,10,3,1381
QB,24,1,5,3,4375
QB,24,3,23,5,1276
QB,24,8,2,7,37
QB,24,2,21,11,35
QB,24,3,5,14,45
QB,24,4,7,6,141
QB,24,1,2,12,23
QB,24,1,3,11,36
QB,24,6,25,7,42
QB,24,3,30,7,20
QB,24,5,11,11,18
QB,24,5,26,9,391
QB,24,3,29,2,28028
QB,24,7,30,3,6247
QB,24,4,10,5,3208
QB,24,2,9,3,5958
QB,24,8,31,9,690
QB,24,7,16,4,366
QB,24,4,8,9,1353
QB,24,7,24,5,3802
QB,24,4,9,3,5573
QB,25,1,8,2,11996
QB,24,2,4,5,1021
QB,24,7,15,14,70
QB,24,5,5,1,45
QB,24,3,10,12,18
QB,24,8,12,6,641
QB,24,6,4,9,1603
QB,24,7,27,8,159
QB,24,5,27,9,531
QB,24,1,11,12,63
QB,24,5,20,1,107
QB,24,5,26,7,12
QB,24,5,8,7,12
QB,25,1,23,2,11042
QB,25,1,3,2,12349
QB,24,7,6,11,18
QB,25,1,16,5,2363
QB,24,1,1,2,40168
QB,24,5,26,2,35367
QB,24,8,18,2,37010
QB,24,1,29,2,33015
QB,24,1,2,5,3112
QB,24,8,8,12,59
QB,24,5,19,5,1022
QB,24,6,8,8,142
QB,24,2,10,6,232
QB,24,6,12,1,128
QB,24,5,18,8,148
QB,24,3,7,4,237
QB,24,2,11,6,77
QB,24,7,11,12,15
QB,24,2,21,2,31902
QB,24,3,29,3,5126
QB,24,5,28,1,122
QB,24,6,17,4,265
QB,25,2,12,3,1894
QB,24,7,13,8,175
QB,24,2,15,12,52
QB,24,3,16,11,17
QB,25,3,19,3,2467
QB,24,5,23,10,25
QB,24,4,2,11,38
QB,24,3,28,2,27500
QB,24,8,25,2,38589
QB,24,7,30,2,32595
QB,24,5,30,9,1656
QB,24,1,6,5,1583
QB,24,5,21,7,36
QB,24,5,25,7,20
QB,24,3,26,11,36
QB,24,3,28,8,210
QB,24,4,26,4,251
QB,24,2,13,8,224
QB,24,2,19,7,33
QB,24,3,19,14,64
QB,24,3,17,14,8
QB,24,8,6,14,37
QB,24,3,22,5,3027
QB,24,8,19,6,676
QB,24,6,6,12,64
QB,24,6,18,9,1512
QB,24,5,10,4,347
QB,24,5,22,9,1655
QB,24,5,15,6,616
QB,24,8,13,6,650
QB,24,5,13,7,34
QB,24,2,10,4,121
QB,24,5,27,12,30
QB,24,5,19,12,22
QB,24,2,4,11,17
QB,24,2,1,2,33252
QB,24,4,8,5,3240
QB,24,6,22,14,25
QB,24,1,26,5,3057
QB,24,3,9,4,161
QB,24,2,9,8,279
QB,24,2,26,4,343
QB,24,6,7,10,17
QB,24,3,1,4,207
QB,24,3,31,12,32
QB,24,5,21,11,33
QB,24,5,4,1,86
QB,24,7,18,12,72
QB,24,4,22,3,3062
QB,24,4,25,3,5957
QB,24,8,26,9,1572
QB,24,6,7,11,27
QB,24,7,23,14,33
QB,24,4,30,6,604
QB,24,2,7,8,274
QB,24,2,23,7,57
QB,24,2,17,3,4324
QB,24,7,29,5,3228
QB,24,4,11,2,28615
QB,24,4,4,2,28919
QB,24,1,18,9,1531
QB,24,4,25,6,606
QB,24,1,25,6,592
QB,24,8,30,1,110
QB,24,1,29,12,24
QB,24,6,28,1,138
QB,24,6,5,10,10
QB,24,8,30,4,287
QB,24,2,21,7,54
QB,24,4,29,11,23
QB,24,5,20,10,24
QB,24,4,27,2,35828
QB,24,3,13,2,26602
QB,24,7,1,9,1477
QB,24,6,13,3,5871
QB,24,1,28,5,862
QB,24,8,12,9,1471
QB,24,6,28,5,3442
QB,24,4,3,4,193
QB,24,3,15,5,3014
QB,24,4,3,8,224
QB,24,3,17,8,89
QB,24,2,20,7,69
QB,24,4,6,9,578
QB,24,2,11,7,19
QB,24,7,5,10,10
QB,24,3,9,14,14
QB,24,7,20,10,3
QB,24,7,26,2,28295
QB,24,4,28,3,3734
QB,24,4,25,2,29285
QB,24,4,11,9,1448
QB,24,3,12,6,603
QB,24,1,19,5,2822
QB,24,6,27,8,231
QB,24,8,21,12,78
QB,24,2,27,6,684
QB,24,5,23,4,303
QB,24,2,12,8,219
QB,24,6,20,7,40
QB,24,8,10,8,172
QB,24,8,26,11,27
QB,24,2,3,11,22
QB,24,5,29,1,128
QB,24,6,23,14,21
QB,24,8,8,11,40
QB,24,5,20,12,31
QB,24,4,9,14,15
QB,24,3,3,7,20
QB,24,8,7,7,32
QB,24,3,19,2,26248
QB,24,1,23,9,1478
QB,24,5,15,3,5657
QB,24,6,15,3,4339
QB,24,7,25,9,1642
QB,24,5,7,4,228
QB,24,8,9,7,45
QB,24,3,25,8,176
QB,24,5,31,14,129
QB,24,3,25,6,562
QB,24,2,8,8,291
QB,24,3,28,6,577
QB,24,2,27,4,217
QB,24,3,12,1,78
QB,24,1,9,1,29
QB,24,7,11,8,76
QB,24,3,18,1,63
QB,24,4,1,11,29
QB,24,3,17,7,15
QB,24,1,23,2,32451
QB,24,1,1,11,10
QB,24,4,1,2,29223
QB,24,1,9,3,6257
QB,24,5,4,4,178
QB,24,1,15,9,1114
QB,24,3,2,9,620
QB,24,7,29,9,1409
QB,24,2,4,14,37
QB,24,6,28,4,249
QB,24,1,15,4,182
QB,24,7,29,12,38
QB,24,1,5,4,179
QB,24,7,11,14,69
QB,24,4,1,5,3147
QB,24,6,25,2,32569
QB,24,8,13,3,5526
QB,24,8,29,5,4098
QB,24,4,2,3,5478
QB,24,2,3,7,26
QB,24,2,27,7,38
QB,24,7,7,9,403
QB,24,5,7,5,3494
QB,24,5,2,12,46
QB,24,5,18,1,78
QB,24,6,9,1,103
QB,24,3,3,12,30
QB,24,6,2,11,10
QB,24,3,9,11,24
QB,24,7,1,10,15
QB,24,8,16,10,15
QB,24,6,10,10,18
QB,24,6,30,2,39071
QB,24,3,27,2,27526
QB,24,2,6,6,635
QB,24,8,13,9,1562
QB,24,3,8,6,581
QB,24,5,31,7,47
QB,24,6,29,3,4550
QB,24,3,1,6,666
QB,25,2,11,2,11219
QB,24,3,7,8,273
QB,24,2,5,1,48
QB,24,3,7,12,55
QB,24,1,2,10,20
QB,24,1,29,11,26
QB,24,2,22,3,6350
QB,24,7,27,2,35623
QB,24,4,8,3,5575
QB,24,2,8,6,628
QB,24,3,14,5,3338
QB,24,6,6,9,1610
QB,24,3,22,1,45
QB,24,8,12,11,27
QB,24,3,14,1,112
QB,24,1,27,1,56
QB,24,4,11,12,44
QB,24,5,12,2,35273
QB,24,1,7,3,3528
QB,24,3,18,5,3204
QB,24,7,13,6,210
QB,24,7,7,6,88
QB,24,6,19,6,644
QB,24,7,17,4,268
QB,24,2,11,4,138
QB,24,8,19,8,187
QB,25,2,9,2,6812
QB,25,1,27,2,10870
QB,24,4,13,9,10
QB,24,5,7,2,29774
QB,24,7,30,5,3782
QB,24,6,18,5,3683
QB,24,4,9,4,206
QB,24,3,28,7,60
QB,24,6,22,12,26
QB,24,6,3,4,231
QB,24,4,30,4,180
QB,24,4,25,8,213
QB,24,2,18,4,169
QB,24,6,19,1,136
QB,24,5,9,11,7
QB,24,3,25,11,22
QB,24,7,2,14,27
QB,25,3,20,5,2075
QB,24,2,4,12,22
QB,24,6,24,2,31008
QB,24,8,10,2,38299
QB,24,7,11,2,14911
QB,24,8,15,7,52
QB,24,6,3,5,3504
QB,24,8,2,6,654
QB,24,7,19,6,698
QB,24,5,17,8,229
QB,24,4,30,1,103
QB,24,2,28,14,15
QB,24,2,3,14,15
QB,24,6,7,1,154
QB,24,8,13,10,21
QB,24,4,28,11,9
QB,24,2,2,2,32869
QB,24,3,11,5,3232
QB,24,2,21,3,6110
QB,24,4,23,6,226
QB,24,2,1,10,15
QB,24,7,2,12,54
QB,24,4,11,11,29
QB,24,7,26,12,51
QB,24,1,30,4,213
QB,24,8,11,8,87
QB,24,8,31,12,33
QB,24,5,25,6,231
QB,24,8,9,14,65
QB,24,2,18,14,13
QB,24,6,30,11,12
QB,24,8,15,2,32707
QB,24,1,15,3,5966
QB,24,3,14,3,5581
QB,24,8,14,5,3732
QB,24,7,14,3,3477
QB,24,6,6,5,3516
QB,24,3,23,9,577
QB,24,1,10,6,621
QB,24,2,15,5,3442
QB,24,3,29,6,545
QB,24,6,27,4,316
QB,24,3,27,10,16
QB,24,6,8,4,217
QB,24,7,12,8,282
QB,24,5,21,4,236
QB,24,1,7,9,481
QB,24,2,24,12,30
QB,24,4,1,8,182
QB,24,3,24,7,18
QB,24,5,24,14,35
QB,24,4,2,10,15
QB,24,1,21,1,13
QB,24,8,3,11,24
QB,24,1,30,2,32067
QB,24,1,13,2,37021
QB,24,6,17,2,33814
QB,24,1,30,3,6335
QB,24,8,29,2,30779
QB,24,5,6,3,6044
QB,24,6,5,3,5950
QB,24,6,2,9,255
QB,24,7,26,9,1490
QB,24,1,16,6,560
QB,24,4,8,4,243
QB,24,4,3,9,1329
QB,24,5,30,4,264
QB,24,6,22,1,108
QB,24,7,2,8,226
QB,24,6,19,12,57
QB,24,8,27,12,73
QB,24,5,30,10,18
QB,25,1,15,2,11288
QB,24,7,14,8,72
QB,24,4,22,14,8
QB,24,2,22,14,25
QB,24,2,3,2,38166
QB,24,8,19,5,3830
QB,24,5,24,3,5542
QB,24,8,10,3,4070
QB,24,6,22,9,649
QB,24,3,25,1,58
QB,24,1,12,6,660
QB,25,2,7,3,1858
QB,24,4,11,14,19
QB,24,2,16,5,3288
QB,24,3,7,9,1472
QB,24,5,13,9,1410
QB,24,6,10,4,280
QB,24,1,3,10,13
QB,24,8,20,12,69
QB,24,7,18,4,452
QB,24,1,11,8,284
QB,24,7,18,7,44
QB,24,4,29,7,39
QB,24,5,23,14,22
QB,24,3,25,12,28
QB,24,7,26,11,38
QB,24,3,1,11,38
QB,24,8,17,12,42
QB,24,7,8,2,33300
QB,24,3,18,3,5727
QB,24,4,3,3,5558
QB,24,4,11,3,5567
QB,24,5,20,5,3368
QB,24,1,11,9,1479
QB,24,4,9,9,1424
QB,24,7,27,7,31
QB,24,8,9,4,271
QB,24,7,30,1,112
QB,24,8,12,1,125
QB,24,2,13,12,41
QB,24,8,22,1,118
QB,24,5,13,12,31
QB,24,2,7,1,67
QB,24,6,21,12,57
QB,24,3,4,7,46
QB,24,7,1,11,27
QB,24,8,14,1,121
QB,24,3,12,3,5517
QB,24,8,24,3,4208
QB,24,2,28,6,670
QB,24,1,26,12,40
QB,24,6,29,7,32
QB,24,7,1,4,266
QB,24,4,6,8,143
QB,24,8,5,7,45
QB,24,6,23,1,100
QB,24,2,26,12,34
QB,24,6,27,12,55
QB,24,8,19,12,33
QB,24,5,13,2,29369
QB,24,1,29,4,183
QB,24,3,21,6,594
QB,24,2,29,12,19
QB,24,7,27,6,290
QB,24,6,13,11,32
QB,24,6,4,14,86
QB,24,8,25,11,16
QB,24,6,3,10,23
QB,24,2,11,12,20
QB,24,5,3,10,24
QB,24,1,22,10,29
QB,24,3,25,2,28179
QB,24,3,15,2,26742
QB,24,8,22,2,31973
QB,24,7,31,2,30502
QB,24,6,26,5,3368
QB,24,5,15,2,27463
QB,24,7,28,9,435
QB,24,6,4,3,5747
QB,24,1,29,5,3219
QB,24,2,19,5,2778
QB,24,8,5,6,640
QB,24,6,17,5,3535
QB,24,6,11,9,1499
QB,24,2,5,8,212
QB,24,7,31,9,1494
QB,24,8,3,6,278
QB,24,2,5,6,626
QB,24,8,8,1,57
QB,24,7,23,11,43
QB,24,4,9,12,34
QB,24,2,17,9,542
QB,24,7,14,1,127
QB,24,7,8,4,250
QB,24,8,10,10,6
QB,24,8,29,14,127
QB,24,2,6,10,10
QB,24,4,24,11,37
QB,24,6,17,10,20
QB,24,1,10,2,32640
QB,24,3,22,2,28372
QB,24,2,5,2,33211
QB,24,7,17,9,1595
QB,24,2,4,3,3611
QB,24,6,8,5,1931
QB,24,7,16,1,156
QB,24,8,29,8,278
QB,24,6,24,14,275
QB,24,4,25,14,172
QB,24,4,6,4,176
QB,24,4,1,14,15
QB,24,1,23,1,43
QB,24,3,20,14,23
QB,24,2,20,5,3321
QB,24,3,24,2,34430
QB,24,7,11,3,2214
QB,24,7,26,5,3428
QB,24,8,8,6,597
QB,24,2,14,5,3157
QB,24,5,15,7,49
QB,24,5,31,9,1513
QB,24,3,26,14,24
QB,24,2,18,8,87
QB,24,8,31,7,28
QB,24,1,4,11,33
QB,24,6,23,6,114
QB,24,5,1,12,37
QB,24,2,17,2,36897
QB,24,5,2,9,1457
QB,24,1,8,3,6244
QB,24,3,30,3,3734
QB,24,4,2,6,544
QB,24,2,3,9,618
QB,24,3,30,1,62
QB,24,5,20,11,23
QB,24,3,11,7,37
QB,24,3,13,4,243
QB,24,5,11,14,17
QB,25,2,16,2,14857
QB,25,2,21,3,2001
QB,24,2,6,2,32325
QB,24,3,10,5,919
QB,24,5,17,3,5299
QB,24,4,27,5,1842
QB,24,7,9,9,1546
QB,24,1,30,6,740
QB,24,3,1,3,6048
QB,24,8,3,8,137
QB,24,5,25,1,126
QB,24,7,16,10,26
QB,24,5,7,1,141
QB,24,6,9,4,197
QB,24,5,3,14,29
QB,24,7,7,7,8
QB,24,5,30,12,63
QB,24,1,6,7,39
QB,24,3,18,14,21
QB,24,1,10,10,8
QB,24,3,15,12,27
QB,24,7,13,10,12
QB,24,7,2,11,43
QB,24,4,30,2,30418
QB,24,6,12,5,3478
QB,24,4,11,5,3305
QB,24,5,20,3,5851
QB,24,5,17,6,597
QB,24,7,5,5,2758
QB,24,2,29,6,643
QB,24,2,7,9,1453
QB,24,7,26,1,177
QB,24,2,1,11,44
QB,24,8,18,1,62
QB,24,2,22,11,33
QB,24,1,15,11,16
QB,24,3,26,12,29
QB,24,2,19,9,1043
QB,24,1,2,3,6123
QB,24,6,5,4,292
QB,24,3,13,6,666
QB,24,3,28,4,226
QB,24,4,23,8,73
QB,25,1,12,3,1333
QB,24,6,1,4,5
QB,24,3,16,2,32734
QB,24,1,9,2,29930
QB,24,4,12,3,5362
QB,24,3,30,2,31732
QB,24,6,10,3,6303
QB,24,2,5,3,6533
QB,24,8,3,9,721
QB,24,1,30,9,1411
QB,24,3,18,6,596
QB,24,7,20,9,780
QB,24,1,30,12,58
QB,24,8,26,12,45
QB,24,7,1,14,41
QB,24,4,13,3,20
QB,24,4,24,9,1424
QB,24,4,2,9,1393
QB,24,6,6,1,66
QB,24,2,13,5,2505
QB,24,7,28,5,1129
QB,24,6,26,8,261
QB,24,1,11,11,33
QB,24,4,5,1,65
QB,24,7,10,3,239
QB,24,2,14,12,43
QB,24,7,16,11,37
QB,24,3,14,7,50
QB,25,3,16,2,19397
QB,24,4,29,2,30494
QB,24,8,9,2,32276
QB,24,1,22,2,33182
QB,24,4,30,9,1343
QB,24,1,31,6,680
QB,24,5,29,4,353
QB,24,5,29,11,32
QB,24,6,2,6,61
QB,24,6,25,1,139
QB,24,1,27,12,34
QB,24,1,14,8,110
QB,24,5,26,11,11
QB,24,3,26,2,28029
QB,24,3,10,9,423
QB,24,1,20,3,4282
QB,24,6,5,6,606
QB,24,5,5,9,462
QB,24,3,22,6,595
QB,24,5,17,5,3246
QB,24,8,4,5,1168
QB,24,4,30,5,3244
QB,24,8,24,9,757
QB,24,2,22,9,1500
QB,24,8,9,6,597
QB,24,1,15,6,516
QB,24,8,1,14,167
QB,24,1,31,1,41
QB,24,5,15,1,53
QB,24,1,7,11,6
QB,24,6,24,8,180
QB,24,2,22,7,44
QB,24,7,6,1,90
QB,24,4,3,7,46
QB,24,7,17,10,13
QB,24,4,4,9,1406
QB,24,6,17,9,1501
QB,24,6,3,3,5717
QB,24,4,22,2,17307
QB,24,5,3,11,35
QB,24,8,14,9,1651
QB,24,1,6,3,4013
QB,24,7,7,5,1003
QB,24,3,16,9,589
QB,24,1,30,8,288
QB,24,1,10,12,19
QB,24,2,25,8,82
QB,24,1,8,12,37
QB,24,3,9,1,34
QB,24,3,3,14,7
QB,24,2,18,1,19
QB,24,7,9,2,26094
QB,24,7,9,4,355
QB,24,5,5,6,111
QB,24,2,3,6,232
QB,24,2,23,8,251
QB,24,1,6,12,22
QB,24,6,4,12,54
QB,24,3,9,6,220
QB,25,3,15,2,15532
QB,24,6,30,7,16
QB,24,6,11,11,37
QB,24,5,15,10,14
QB,25,1,28,2,11241
QB,24,2,20,13,3
QB,24,1,4,2,32716
QB,24,6,22,5,1996
QB,24,8,30,14,92
QB,24,7,25,6,750
QB,24,4,3,6,588
QB,24,5,30,8,242
QB,24,3,7,10,22
QB,24,2,25,6,87
QB,24,3,18,7,49
QB,25,1,20,2,11490
QB,24,1,22,1,31
QB,24,5,21,14,16
QB,24,7,1,7,43
QB,24,5,28,14,54
QB,24,1,6,8,159
QB,24,3,30,11,17
QB,24,4,30,14,27
QB,24,6,14,7,43
QB,24,1,29,3,6349
QB,24,4,25,5,3194
QB,24,7,12,2,33283
QB,24,5,30,2,29309
QB,24,2,10,2,40261
QB,24,1,23,3,6551
QB,24,2,18,3,3781
QB,24,3,18,8,191
QB,24,5,18,6,219
QB,24,1,12,9,1470
QB,24,1,6,1,22
QB,25,2,6,2,11297
QB,25,1,10,2,12461
QB,24,5,4,14,13
QB,24,3,29,5,2734
QB,24,3,5,5,2863
QB,24,1,17,8,273
QB,24,8,4,4,216
QB,24,6,15,4,261
QB,24,8,19,11,23
QB,24,6,27,10,20
QB,24,4,28,7,26
QB,24,7,20,2,37359
QB,24,3,5,2,27555
QB,24,6,9,5,1156
QB,24,7,11,5,1156
QB,24,5,4,8,145
QB,24,6,17,1,137
QB,24,2,16,14,65
QB,24,5,31,8,238
QB,24,6,7,8,231
QB,24,4,6,1,68
QB,25,2,21,2,12327
QB,25,2,22,3,1633
QB,24,4,2,2,27921
QB,24,3,19,9,1477
QB,24,2,25,3,3717
QB,24,8,12,8,212
QB,24,1,4,4,182
QB,24,1,20,8,157
QB,24,8,1,11,47
QB,24,8,13,8,280
QB,24,5,15,12,37
QB,24,4,23,11,6
QB,24,8,5,14,102
QB,24,1,23,12,51
QB,24,3,14,11,25
QB,24,4,26,5,3055
QB,24,7,17,7,38
QB,24,6,30,5,1225
QB,24,7,25,4,356
QB,24,7,23,8,260
QB,24,2,15,8,243
QB,24,4,4,8,273
QB,24,5,19,4,173
QB,24,1,18,1,26
QB,24,3,26,1,68
QB,24,2,18,11,14
QB,24,4,13,5,14
QB,25,3,28,4,55
QB,24,7,5,14,22
QB,24,5,1,3,6364
QB,24,6,28,2,34777
QB,24,4,26,2,32234
QB,24,1,17,2,32086
QB,24,5,9,5,1329
QB,24,2,20,6,690
QB,24,6,21,7,50
QB,24,2,22,8,248
QB,24,8,7,8,246
QB,24,7,13,1,84
QB,24,2,5,14,32
QB,24,3,25,4,219
QB,24,8,27,4,245
QB,24,2,4,8,74
QB,24,8,27,1,150
QB,24,4,10,8,258
QB,25,2,5,5,2260
QB,24,2,29,14,93
QB,24,7,7,8,89
QB,24,7,3,12,36
QB,25,3,11,2,11271
QB,24,1,2,2,32723
QB,24,5,15,5,3062
QB,24,7,27,9,736
QB,24,7,22,6,691
QB,24,1,27,6,256
QB,24,3,12,12,34
QB,24,8,20,4,266
QB,24,4,26,11,31
QB,24,5,19,11,15
QB,24,6,7,12,39
QB,24,3,18,2,28705
QB,24,3,1,5,3300
QB,24,6,4,2,29034
QB,24,8,30,3,5414
QB,24,6,7,3,5857
QB,24,4,29,3,5741
QB,24,3,17,4,144
QB,24,3,13,8,246
QB,24,8,31,8,175
QB,24,3,26,7,48
QB,24,7,31,7,46
QB,24,1,16,1,20
QB,24,7,1,12,47
QB,24,7,27,10,10
QB,24,2,9,2,33950
QB,24,8,28,2,32636
QB,24,2,26,3,6557
QB,24,4,2,8,237
QB,24,6,13,8,242
QB,24,5,15,9,1487
QB,24,2,26,8,210
QB,24,1,16,8,210
QB,24,4,10,4,201
QB,24,5,17,4,306
QB,24,6,15,6,280
QB,24,6,19,10,15
QB,24,6,24,12,36
QB,24,5,6,14,104
QB,24,8,21,7,37
QB,24,3,27,1,39
QB,24,2,19,11,26
QB,24,5,21,10,19
QB,24,1,9,7,54
QB,24,8,2,10,23
QB,24,2,14,10,12
QB,24,6,11,10,14
QB,24,3,31,2,35268
QB,24,1,27,2,35991
QB,24,1,30,5,3400
QB,24,7,1,5,3430
QB,24,4,4,6,597
QB,24,6,11,6,658
QB,24,1,30,14,57
QB,24,5,9,8,82
QB,24,7,7,1,94
QB,24,6,25,11,41
QB,25,1,22,3,1980
QB,24,2,23,11,36
QB,24,1,24,10,37
QB,24,6,29,2,39200
QB,24,2,18,2,39256
QB,24,6,9,3,3914
QB,24,5,20,9,1434
QB,24,5,1,9,1447
QB,24,2,15,9,1508
QB,24,5,21,6,687
QB,24,2,19,4,198
QB,24,3,20,8,261
QB,24,2,1,6,694
QB,24,2,6,7,47
QB,24,5,8,9,426
QB,24,7,14,12,29
QB,24,4,9,11,37
QB,24,6,18,7,52
QB,24,3,16,7,26
QB,24,5,25,8,159
QB,24,4,6,12,20
QB,24,5,1,10,25
QB,24,2,9,1,59
QB,24,1,23,11,37
QB,24,4,10,7,48
QB,24,5,25,2,33818
QB,24,2,21,14,96
QB,24,5,31,6,674
QB,24,5,23,6,684
QB,24,5,20,6,663
QB,24,6,29,14,16
QB,24,1,21,6,86
QB,24,8,26,7,50
QB,24,7,28,6,85
QB,24,8,17,7,32
QB,24,1,29,10,28
QB,24,2,14,11,35
QB,24,4,8,2,28262
QB,24,5,28,5,3505
QB,24,7,13,2,37514
QB,24,6,16,9,402
QB,24,7,2,2,31399
QB,24,4,13,2,385
QB,24,6,16,4,158
QB,24,5,1,7,43
QB,24,6,18,6,683
QB,24,3,5,8,264
QB,24,6,12,7,45
QB,24,7,3,11,33
QB,24,1,28,7,37
QB,24,7,28,14,40
QB,24,5,2,11,31
QB,24,4,27,14,17
QB,24,8,5,3,5860
QB,24,7,29,2,26707
QB,24,8,6,2,32511
QB,24,1,4,3,6400
QB,24,3,21,5,3188
QB,24,6,3,9,1502
QB,24,3,9,9,604
QB,24,2,26,9,1383
QB,24,3,17,9,451
QB,24,8,15,12,69
QB,24,5,5,4,173
QB,24,2,15,4,233
QB,24,6,26,10,21
QB,24,5,24,4,268
QB,24,8,9,1,69
QB,24,1,4,6,722
QB,24,5,18,3,4006
QB,24,5,22,3,5750
QB,24,1,22,3,6348
QB,24,5,24,6,589
QB,24,5,8,1,60
QB,24,4,2,4,198
QB,24,7,22,4,214
QB,24,2,19,14,19
QB,24,1,19,14,139
QB,24,5,19,8,81
QB,24,4,7,2,34351
QB,24,1,18,5,3354
QB,24,8,29,6,681
QB,24,3,28,9,1469
QB,24,5,21,5,3530
QB,24,5,16,6,635
QB,24,7,20,4,239
QB,24,6,15,8,139
QB,24,5,13,8,188
QB,24,8,27,7,52
QB,24,2,1,1,49
QB,24,2,8,14,39
QB,24,3,26,10,21
QB,25,3,3,2,12076
QB,24,8,4,11,12
QB,24,7,10,2,901
QB,24,6,25,3,6234
QB,24,3,6,9,1419
QB,24,1,8,6,642
QB,24,5,29,7,46
QB,24,7,1,1,113
QB,24,5,22,1,146
QB,24,8,11,1,123
QB,24,7,30,8,315
QB,24,4,22,8,60
QB,24,7,11,4,138
QB,24,8,24,10,18
QB,24,5,13,11,25
QB,24,5,21,2,28477
QB,24,6,18,3,6439
QB,24,1,9,5,3065
QB,24,8,2,5,3442
QB,24,4,22,6,171
QB,24,5,28,4,292
QB,24,4,27,9,649
QB,24,4,29,1,111
QB,24,5,10,6,557
QB,24,3,27,8,247
QB,24,4,30,8,218
QB,24,7,23,7,44
QB,24,1,15,1,27
QB,24,8,18,12,32
QB,24,7,9,10,17
QB,24,6,23,10,3
QB,24,3,1,2,32052
QB,24,6,30,3,3892
QB,24,4,26,6,614
QB,24,6,29,9,907
QB,24,5,28,8,214
QB,24,4,3,1,32
QB,24,1,24,8,277
QB,24,6,15,10,7
QB,24,1,10,14,49
QB,24,5,16,14,47
QB,24,2,24,2,38634
QB,24,1,3,2,32725
QB,24,6,5,7,28
QB,24,8,7,11,36
QB,24,4,28,4,147
QB,24,8,25,8,99
QB,24,1,12,1,41
QB,24,3,8,8,272
QB,24,8,24,12,36
QB,24,5,24,12,69
QB,24,7,5,7,28
QB,25,2,2,4,126
QB,24,8,2,14,121
QB,24,1,31,13,1
QB,24,4,9,2,28264
QB,24,1,2,6,668
QB,24,8,5,2,32178
QB,24,2,10,5,1319
QB,24,5,12,9,462
QB,24,1,3,9,1564
QB,24,7,5,6,450
QB,24,5,5,5,944
QB,24,5,12,6,83
QB,24,3,22,8,252
QB,24,5,21,8,212
QB,24,3,5,11,30
QB,24,6,3,12,32
QB,24,5,10,10,12
QB,25,2,25,2,11748
QB,24,11,21,2,12692
QB,24,11,19,2,13352
QB,24,11,9,5,1336
QB,24,9,28,5,1470
QB,24,11,15,4,203
QB,24,10,21,6,397
QB,24,9,12,12,74
QB,24,12,8,3,1754
QB,24,11,27,9,1155
QB,24,9,23,14,63
QB,24,12,7,10,5
QB,24,11,2,11,17
QB,25,1,6,2,11366
QB,24,9,3,1,119
QB,24,9,10,7,51
QB,24,10,12,4,171
QB,24,9,3,7,44
QB,24,10,14,7,30
QB,25,2,10,2,8244
QB,24,12,8,2,18082
QB,24,9,13,12,67
QB,24,11,25,4,228
QB,24,10,19,8,114
QB,24,12,16,12,26
QB,24,11,6,10,17
QB,24,1,18,14,25
QB,24,11,12,2,13768
QB,24,10,12,2,16544
QB,24,11,23,3,2072
QB,24,10,21,4,188
QB,24,10,10,1,40
QB,24,10,23,8,203
QB,24,11,26,4,240
QB,24,9,30,10,18
QB,24,10,1,14,23
QB,24,12,20,7,37
QB,24,12,6,12,25
QB,24,10,10,9,1231
QB,24,10,7,3,2477
QB,24,11,14,4,206
QB,24,11,6,7,39
QB,24,11,18,11,16
QB,24,9,17,10,12
QB,24,12,16,10,17
QB,24,11,11,14,18
QB,24,10,3,2,13682
QB,24,10,26,5,1569
QB,24,11,19,4,190
QB,24,9,8,5,1452
QB,24,11,17,6,60
QB,24,9,10,14,122
QB,24,10,26,1,33
QB,24,10,31,2,14084
QB,24,9,5,4,253
QB,24,9,2,9,523
QB,24,12,27,6,391
QB,24,11,29,6,276
QB,24,11,22,8,190
QB,24,12,3,1,31
QB,24,3,2,14,22
QB,24,7,14,7,11
QB,24,2,13,14,15
QB,24,11,15,2,12720
QB,24,9,24,2,13236
QB,24,9,14,5,2269
QB,24,10,8,1,65
QB,24,9,21,8,129
QB,24,9,9,1,118
QB,24,9,26,1,45
QB,24,9,29,11,5
QB,24,8,17,10,8
QB,24,10,16,2,9692
QB,24,11,1,8,175
QB,24,11,5,8,205
QB,24,12,11,6,414
QB,24,11,10,9,294
QB,24,12,19,1,19
QB,24,12,23,6,370
QB,24,11,29,3,2209
QB,24,11,2,8,115
QB,24,9,25,5,2567
QB,24,12,5,14,35
QB,24,11,5,11,26
QB,24,12,17,1,55
QB,25,2,6,8,100
QB,24,9,8,2,39071
QB,24,10,1,2,13992
QB,24,12,2,3,2859
QB,24,12,9,8,166
QB,24,11,27,6,466
QB,24,9,30,7,19
QB,24,11,7,7,30
QB,24,11,18,14,18
QB,24,9,15,2,40135
QB,24,10,30,4,189
QB,24,9,5,11,48
QB,24,11,21,14,124
QB,24,9,29,8,57
QB,24,11,18,7,22
QB,24,10,14,10,11
QB,24,11,26,12,23
QB,24,11,8,10,12
QB,24,11,1,14,19
QB,24,9,12,3,5787
QB,24,12,20,6,412
QB,24,10,7,1,36
QB,24,10,29,14,17
QB,24,6,29,13,2
QB,24,6,2,12,10
QB,24,9,6,2,31204
QB,24,12,4,9,1083
QB,24,10,20,3,1607
QB,24,11,2,6,148
QB,25,1,15,8,122
QB,24,12,13,2,14115
QB,24,11,22,3,2637
QB,24,11,8,9,1160
QB,24,9,26,3,2572
QB,24,12,11,14,92
QB,24,10,16,11,31
QB,24,11,8,12,27
QB,24,1,29,14,27
QB,24,12,18,6,427
QB,24,10,6,1,40
QB,24,12,28,7,7
QB,24,11,28,6,73
QB,24,10,3,10,6
QB,24,10,4,5,2494
QB,24,12,16,8,149
QB,24,9,16,12,36
QB,24,10,18,7,26
QB,24,3,8,14,23
QB,24,10,19,9,569
QB,24,12,5,6,473
QB,24,10,1,7,38
QB,24,9,9,10,24
QB,24,9,19,12,32
QB,24,12,31,4,132
QB,24,10,11,5,2562
QB,24,10,10,4,233
QB,24,10,26,8,109
QB,24,9,2,6,146
QB,24,11,20,11,33
QB,24,9,29,14,22
QB,24,12,30,7,23
QB,24,10,13,7,7
QB,24,9,18,5,2691
QB,24,11,21,3,3016
QB,24,12,18,7,25
QB,24,9,16,1,116
QB,24,12,1,6,62
QB,24,9,30,8,124
QB,24,10,17,11,37
QB,24,9,6,12,72
QB,24,12,12,3,2785
QB,24,11,11,3,2427
QB,24,10,25,9,1121
QB,24,9,25,6,437
QB,24,11,16,1,40
QB,24,11,4,10,12
QB,24,9,27,11,30
QB,24,10,16,1,27
QB,24,12,8,11,7
QB,24,9,30,13,2
QB,24,10,11,3,2346
QB,24,11,2,4,160
QB,24,10,29,5,2772
QB,24,10,14,8,125
QB,24,9,15,7,12
QB,24,9,24,14,60
QB,24,9,5,14,56
QB,24,11,25,12,11
QB,24,10,7,11,15
QB,24,2,2,11,35
QB,24,12,3,5,2489
QB,24,10,2,5,2735
QB,24,10,27,9,315
QB,24,11,15,3,2639
QB,24,10,25,8,197
QB,24,10,19,1,42
QB,24,10,19,7,14
QB,24,12,7,11,18
QB,24,9,18,12,20
QB,24,12,9,2,13804
QB,24,10,25,4,202
QB,24,10,23,4,274
QB,24,11,14,14,83
QB,24,2,5,11,23
QB,24,5,28,7,35
QB,24,3,16,10,7
QB,24,10,21,3,2319
QB,24,11,9,3,1902
QB,24,12,12,9,1069
QB,24,9,3,12,34
QB,24,9,28,11,17
QB,24,12,23,7,16
QB,24,1,25,13,1
QB,24,10,31,8,168
QB,24,9,22,9,293
QB,24,9,23,4,210
QB,24,10,16,8,214
QB,24,10,24,12,23
QB,24,7,20,14,67
QB,24,9,24,4,201
QB,24,9,26,2,14104
QB,24,9,3,8,204
QB,24,11,16,6,193
QB,24,11,22,11,27
QB,24,12,6,11,26
QB,24,10,15,1,51
QB,24,10,30,2,13721
QB,24,9,2,4,188
QB,24,9,4,6,656
QB,24,11,9,4,127
QB,24,11,25,8,163
QB,24,12,8,8,65
QB,24,12,2,11,23
QB,24,5,26,14,13
QB,24,4,27,10,9
QB,24,12,4,3,2896
QB,24,9,1,2,39233
QB,24,12,12,5,2485
QB,24,12,9,14,92
QB,24,10,25,12,24
QB,24,9,1,1,89
QB,24,12,5,9,1145
QB,24,11,30,5,1108
QB,24,10,21,9,1031
QB,24,9,2,8,107
QB,24,9,10,11,57
QB,24,10,15,11,36
QB,24,10,31,12,25
QB,24,12,20,11,24
QB,24,10,22,2,13101
QB,24,9,12,1,140
QB,24,11,12,4,158
QB,24,12,30,12,16
QB,24,2,28,10,14
QB,24,10,9,3,2412
QB,24,9,16,9,1526
QB,24,11,12,9,1137
QB,24,12,11,5,2078
QB,24,10,1,6,482
QB,24,11,4,14,66
QB,24,9,29,12,10
QB,24,9,3,2,32189
QB,24,10,15,3,2412
QB,24,12,19,3,2940
QB,24,11,12,14,47
QB,24,9,1,6,80
QB,24,9,26,7,36
QB,24,11,11,12,19
QB,24,5,8,11,5
QB,24,9,19,2,14018
QB,24,12,5,5,2408
QB,24,12,3,4,198
QB,24,12,11,8,173
QB,24,9,5,12,80
QB,24,11,1,11,33
QB,24,9,4,12,50
QB,24,10,23,2,12179
QB,24,11,2,3,1864
QB,24,9,3,9,1434
QB,24,10,14,4,212
QB,24,9,28,14,11
QB,24,11,5,14,20
QB,24,12,29,1,13
QB,24,11,1,3,2499
QB,24,12,2,9,1005
QB,24,10,3,5,2527
QB,24,10,23,6,403
QB,24,10,19,4,173
QB,24,11,11,9,934
QB,24,9,14,8,188
QB,24,9,22,7,6
QB,24,11,18,10,14
QB,24,9,25,2,13735
QB,24,10,15,5,2910
QB,24,9,9,5,4277
QB,24,9,6,9,1992
QB,24,12,4,5,2386
QB,24,10,14,9,965
QB,24,11,16,9,519
QB,24,11,17,4,132
QB,24,11,21,4,239
QB,24,11,15,10,11
QB,24,9,9,11,23
QB,24,11,7,12,22
QB,24,11,4,12,17
QB,24,10,26,2,18058
QB,24,9,15,1,125
QB,24,10,21,8,157
QB,24,10,31,11,28
QB,24,11,25,11,19
QB,24,9,6,11,54
QB,24,10,24,9,1129
QB,24,9,22,3,1651
QB,24,10,1,5,2900
QB,24,9,24,8,204
QB,24,9,20,1,59
QB,24,9,14,7,24
QB,24,10,4,14,22
QB,24,10,5,5,1466
QB,24,9,15,6,89
QB,24,11,13,4,196
QB,24,11,1,2,15374
QB,24,10,5,3,1767
QB,24,11,6,14,13
QB,24,10,10,7,33
QB,24,9,22,12,9
QB,24,1,27,13,3
QB,24,12,16,2,13147
QB,24,10,26,3,1837
QB,24,9,24,5,2670
QB,24,9,17,3,2419
QB,24,11,29,9,652
QB,24,12,3,9,1157
QB,24,11,14,10,12
QB,24,12,14,7,16
QB,24,11,20,7,39
QB,24,12,6,14,25
QB,25,2,5,2,10825
QB,24,11,8,2,14594
QB,24,9,5,3,5686
QB,24,10,19,5,1368
QB,24,11,13,3,2619
QB,24,11,10,5,836
QB,24,9,13,6,659
QB,24,10,23,14,148
QB,24,11,7,14,19
QB,24,10,12,7,12
QB,25,1,24,8,124
QB,24,7,4,14,8
QB,24,10,8,3,2381
QB,24,9,15,5,1405
QB,24,12,30,3,2509
QB,24,11,18,9,1038
QB,24,9,19,1,56
QB,24,10,20,9,330
QB,24,9,27,14,50
QB,24,10,24,7,21
QB,24,11,3,14,47
QB,24,12,21,1,14
QB,24,9,15,12,26
QB,24,10,25,11,33
QB,24,1,10,11,18
QB,24,12,26,6,355
QB,24,10,13,3,1462
QB,24,10,12,6,185
QB,24,12,15,1,13
QB,24,11,19,8,183
QB,24,10,19,6,129
QB,24,12,5,4,183
QB,24,12,2,2,14265
QB,24,10,30,5,2732
QB,24,9,17,5,2871
QB,24,10,29,9,1182
QB,24,10,30,1,46
QB,24,11,19,14,71
QB,24,12,12,12,31
QB,24,11,28,1,16
QB,24,9,27,7,22
QB,24,2,10,11,22
QB,24,4,26,10,19
QB,24,12,16,9,944
QB,24,10,23,7,41
QB,24,11,3,6,64
QB,24,11,30,6,142
QB,24,11,27,1,49
QB,24,10,5,10,10
QB,25,3,7,7,17
QB,24,3,10,11,7
QB,24,12,2,5,2415
QB,24,11,7,5,2230
QB,24,10,2,9,964
QB,24,10,9,6,460
QB,24,10,12,12,18
QB,24,12,23,9,986
QB,24,12,12,7,29
QB,24,10,2,14,27
QB,24,12,26,11,14
QB,24,11,8,1,49
QB,24,12,1,7,2
QB,24,2,25,7,14
QB,24,12,29,5,795
QB,24,12,12,4,224
QB,24,9,25,8,173
QB,24,11,3,9,301
QB,24,10,10,10,14
QB,24,11,15,12,18
QB,24,10,1,3,2410
QB,24,10,13,9,334
QB,24,9,29,3,1667
QB,24,10,19,3,1409
QB,24,11,6,6,482
QB,24,11,3,3,1679
QB,24,12,17,3,2826
QB,24,9,22,5,949
QB,24,10,28,9,990
QB,24,12,19,6,467
QB,24,9,9,6,675
QB,24,11,28,8,77
QB,24,4,6,14,7
QB,24,8,20,10,18
QB,24,11,8,5,2512
QB,24,12,26,5,2002
QB,24,12,16,5,2086
QB,24,12,9,3,2905
QB,24,9,28,4,187
QB,24,7,4,11,7
QB,24,11,16,5,1366
QB,24,12,15,4,193
QB,24,10,28,14,35
QB,24,12,14,6,163
QB,24,10,7,10,11
QB,24,10,13,12,8
QB,24,12,28,2,16440
QB,24,9,17,9,1212
QB,24,11,20,9,1178
QB,24,9,14,4,239
QB,24,11,18,12,13
QB,24,10,30,7,37
QB,24,12,27,14,23
QB,24,12,1,8,60
QB,24,12,4,1,31
QB,24,10,2,7,32
QB,24,10,29,4,177
QB,24,9,30,6,421
QB,24,12,9,7,24
QB,24,12,31,1,16
QB,24,9,22,1,39
QB,24,9,25,14,36
QB,24,9,15,8,96
QB,24,11,9,12,13
QB,24,12,7,1,25
QB,24,1,28,11,10
QB,24,9,22,2,18140
QB,24,12,20,8,203
QB,24,10,24,1,53
QB,24,11,16,14,51
QB,24,9,28,7,21
QB,24,11,13,7,39
QB,24,11,3,11,4
QB,24,6,11,13,1
QB,24,9,14,2,39831
QB,24,9,21,4,165
QB,24,9,2,11,23
QB,24,11,4,1,40
QB,24,12,18,11,20
QB,24,10,21,10,13
QB,24,11,23,11,16
QB,24,2,28,11,28
QB,24,12,12,11,34
QB,24,11,5,12,18
QB,24,10,29,7,32
QB,25,1,21,2,11467
QB,24,10,28,4,201
QB,24,10,20,5,999
QB,24,12,23,4,202
QB,24,9,29,7,7
QB,24,11,29,8,86
QB,24,12,8,1,32
QB,24,11,9,8,105
QB,24,9,5,10,29
QB,25,3,22,2,16503
QB,24,1,20,11,16
QB,24,9,16,6,650
QB,24,12,19,5,2475
QB,24,12,10,5,2370
QB,24,10,25,6,395
QB,24,11,21,9,1034
QB,24,10,8,8,229
QB,24,9,11,4,227
QB,25,2,6,3,1983
QB,24,9,20,2,14613
QB,24,9,4,3,5841
QB,24,10,17,6,382
QB,24,10,13,6,83
QB,24,10,20,4,160
QB,24,10,26,6,148
QB,24,9,27,8,181
QB,24,10,3,12,23
QB,24,11,16,12,11
QB,24,9,8,12,30
QB,24,5,10,11,28
QB,24,10,21,2,13834
QB,24,9,10,2,30366
QB,24,11,14,2,14034
QB,24,12,25,2,16210
QB,24,11,17,3,1729
QB,24,10,10,3,2526
QB,24,11,27,3,2835
QB,24,11,26,9,1243
QB,24,12,30,6,441
QB,24,10,31,4,216
QB,24,10,20,14,23
QB,24,12,29,12,18
QB,24,9,28,6,155
QB,24,10,19,14,12
QB,24,9,7,1,70
QB,24,9,11,6,627
QB,24,12,17,9,971
QB,24,10,8,5,2710
QB,24,10,23,1,73
QB,24,11,1,7,33
QB,24,3,13,10,11
QB,24,10,2,6,486
QB,24,11,9,6,203
QB,24,11,3,5,980
QB,24,12,20,14,68
QB,24,11,25,3,2818
QB,24,9,14,6,323
QB,24,10,11,8,205
QB,24,11,25,10,15
QB,24,12,13,1,17
QB,24,10,16,10,11
QB,24,12,4,10,13
QB,24,9,2,3,4009
QB,24,10,11,4,310
QB,24,10,7,5,2842
QB,24,9,15,9,489
QB,24,12,8,4,148
QB,24,11,10,12,8
QB,24,12,22,2,17420
QB,24,12,31,9,607
QB,24,11,14,9,1103
QB,24,9,14,1,131
QB,24,12,19,12,30
QB,24,9,11,10,11
QB,24,10,15,14,67
QB,24,11,29,7,21
QB,24,12,31,7,20
QB,24,9,28,2,17556
QB,24,9,10,5,4305
QB,24,10,10,5,2866
QB,24,11,18,3,2878
QB,24,10,11,7,29
QB,24,8,17,14,12
QB,25,2,2,5,788
QB,24,10,4,2,14370
QB,24,10,11,1,75
QB,24,12,15,14,68
QB,24,9,27,2,14205
QB,24,9,15,3,3799
QB,24,11,2,2,16839
QB,24,12,14,8,107
QB,24,9,12,7,45
QB,24,11,23,8,110
QB,24,10,9,9,1191
QB,24,11,7,9,1012
QB,24,9,7,7,28
QB,24,12,24,10,7
QB,25,3,12,3,2347
QB,24,9,16,2,33321
QB,24,12,20,2,14184
QB,24,9,18,9,1218
QB,24,11,28,9,221
QB,24,10,17,8,173
QB,24,9,4,7,56
QB,24,10,13,14,4
QB,24,12,20,12,18
QB,24,12,13,12,13
QB,24,4,28,10,1
QB,24,5,17,10,14
QB,24,11,9,2,17827
QB,24,12,23,2,13328
QB,24,9,14,3,4295
QB,24,11,8,3,2660
QB,24,9,10,3,5755
QB,24,12,18,5,2214
QB,24,9,2,5,2082
QB,24,10,25,5,2538
QB,24,11,1,9,1106
QB,24,11,23,1,22
QB,24,9,16,11,25
QB,24,11,30,1,15
QB,24,12,26,7,21
QB,24,10,11,2,12527
QB,24,11,23,2,18042
QB,24,12,31,3,2427
QB,24,12,9,5,2284
QB,24,9,13,9,1677
QB,24,12,4,14,45
QB,24,11,19,5,2430
QB,24,10,2,8,214
QB,24,9,27,9,1057
QB,24,12,13,4,156
QB,24,11,17,8,55
QB,24,11,8,11,37
QB,24,12,17,14,148
QB,24,10,24,11,35
QB,25,3,17,2,11891
QB,24,4,7,11,13
QB,24,11,22,4,214
QB,24,10,15,9,1092
QB,24,9,1,7,8
QB,24,11,14,12,27
QB,25,3,12,5,2198
QB,24,4,22,10,5
QB,24,9,17,2,14120
QB,24,9,21,5,1430
QB,24,12,29,9,292
QB,24,9,10,8,291
QB,24,12,4,11,36
QB,24,9,29,4,210
QB,24,12,7,6,180
QB,24,9,13,11,41
QB,24,11,23,7,19
QB,24,12,5,12,37
QB,24,9,13,2,33299
QB,24,10,17,5,2515
QB,24,11,25,9,1119
QB,24,10,22,7,30
QB,24,9,12,11,57
QB,25,2,16,5,672
QB,24,9,21,2,17593
QB,24,10,20,1,41
QB,24,9,5,1,142
QB,24,10,24,8,231
QB,24,9,17,11,26
QB,24,10,22,3,2504
QB,24,11,24,5,769
QB,24,12,22,4,101
QB,24,12,14,11,17
QB,24,10,21,11,14
QB,24,11,4,11,13
QB,24,11,11,2,14266
QB,24,9,29,2,16939
QB,24,11,10,6,58
QB,24,10,18,1,45
QB,24,10,14,14,16
QB,24,8,4,7,17
QB,24,11,4,2,13762
QB,24,12,24,2,14958
QB,24,12,4,2,13942
QB,24,12,7,9,501
QB,24,12,12,8,208
QB,24,5,27,11,21
QB,24,9,7,5,2386
QB,24,10,22,5,2629
QB,24,10,12,5,1485
QB,24,9,26,8,197
QB,24,11,27,14,58
QB,24,12,17,7,28
QB,24,3,23,12,23
QB,24,10,16,6,423
QB,24,11,26,6,478
QB,24,11,11,4,164
QB,24,10,13,4,164
QB,24,12,15,11,11
QB,24,12,13,11,21
QB,24,9,19,11,27
QB,24,9,3,4,215
QB,24,9,28,8,115
QB,24,11,28,4,90
QB,24,12,17,8,186
QB,24,12,5,10,15
QB,24,10,9,1,57
QB,24,11,12,8,198
QB,24,9,22,6,48
QB,24,10,6,10,5
QB,24,10,17,1,35
QB,24,11,14,11,38
QB,24,11,27,8,209
QB,24,11,20,14,52
QB,24,12,18,14,81
QB,24,12,13,8,153
QB,24,12,25,1,14
QB,24,11,20,5,2331
QB,24,10,24,4,152
QB,24,12,28,14,24
QB,24,10,28,5,2750
QB,24,11,30,3,1952
QB,24,11,6,5,2718
QB,24,11,8,6,466
QB,24,11,18,8,158
QB,24,11,23,4,154
QB,24,11,7,11,32
QB,24,9,9,8,240
QB,24,11,24,9,341
QB,24,10,25,1,59
QB,24,9,27,1,51
QB,24,9,24,9,1125
QB,24,11,23,5,1219
QB,24,9,28,12,15
QB,24,10,30,10,8
QB,24,9,1,4,174
QB,24,9,25,3,2589
QB,24,12,10,8,184
QB,24,9,30,3,2340
QB,24,9,14,9,843
QB,24,12,27,11,25
QB,24,12,12,10,18
QB,24,10,20,12,12
QB,24,7,29,13,2
QB,24,3,23,11,18
QB,25,1,6,3,2069
QB,24,10,17,3,2001
QB,24,9,20,3,2562
QB,24,11,25,6,469
QB,24,11,6,11,31
QB,24,11,2,7,18
QB,24,12,9,1,28
QB,24,12,5,7,34
QB,24,11,9,11,20
QB,24,11,8,4,179
QB,24,10,8,14,125
QB,24,11,15,6,386
QB,24,11,5,3,2031
QB,24,12,14,14,59
QB,24,11,21,12,24
QB,24,8,9,11,29
QB,24,12,7,2,17326
QB,24,12,5,3,2914
QB,24,10,6,9,329
QB,24,10,31,9,1075
QB,24,11,19,1,64
QB,24,9,23,12,20
QB,24,1,12,11,26
QB,24,12,27,2,14618
QB,24,11,18,1,41
QB,24,12,24,3,2410
QB,24,12,10,11,27
QB,24,9,1,12,26
QB,24,10,3,14,16
QB,24,1,5,1,37
QB,24,9,2,2,38264
QB,24,9,12,5,4308
QB,24,10,5,4,166
QB,24,10,15,8,191
QB,24,11,19,11,30
QB,24,9,20,7,41
QB,24,1,27,10,5
QB,24,10,2,4,169
QB,24,12,26,9,760
QB,24,9,13,4,208
QB,24,12,8,12,26
QB,24,11,12,12,22
QB,24,12,15,12,21
QB,25,2,28,2,13118
QB,24,5,5,12,21
QB,24,10,9,2,11976
QB,24,12,14,3,2119
QB,24,10,7,8,138
QB,24,9,13,14,35
QB,24,9,29,1,21
QB,24,11,14,3,2795
QB,24,9,18,8,218
QB,24,9,18,6,477
QB,24,12,19,8,196
QB,24,11,30,8,94
QB,24,9,18,11,34
QB,24,11,10,11,9
QB,24,10,15,7,33
QB,24,10,25,2,13989
QB,24,11,29,2,15950
QB,24,11,18,5,2456
QB,24,10,25,3,2264
QB,24,9,24,6,477
QB,24,9,7,6,261
QB,24,12,27,4,131
QB,24,12,22,6,49
QB,24,9,19,7,46
QB,24,10,25,7,30
QB,24,9,27,12,17
QB,24,12,19,14,16
QB,24,9,16,10,23
QB,24,10,22,14,40
QB,24,11,12,11,30
QB,24,3,2,11,19
QB,24,11,5,2,12025
QB,24,12,1,2,17550
QB,24,9,27,5,2605
QB,24,9,16,8,220
QB,24,11,15,7,37
QB,24,12,18,4,201
QB,24,11,17,2,18515
QB,24,12,4,6,412
QB,24,10,23,10,21
QB,24,12,3,7,33
QB,24,12,13,7,30
QB,24,12,4,7,34
QB,24,10,14,11,14
QB,24,9,24,12,17
QB,24,12,17,2,13001
QB,24,10,31,5,2579
QB,24,9,19,3,2682
QB,24,10,22,9,1195
QB,24,9,10,1,181
QB,24,10,27,5,963
QB,24,10,7,4,210
QB,24,10,29,8,195
QB,24,9,10,12,56
QB,24,11,10,7,8
QB,24,5,29,10,18
QB,24,9,12,6,685
QB,24,12,1,5,755
QB,24,9,12,8,312
QB,24,9,18,1,46
QB,24,12,21,9,437
QB,24,12,1,4,176
QB,24,12,11,1,28
QB,24,9,21,11,30
QB,24,9,23,2,13636
QB,24,9,8,4,230
QB,24,12,6,6,459
QB,24,9,1,9,350
QB,24,9,8,11,13
QB,24,10,2,11,34
QB,24,9,23,6,444
QB,24,10,22,6,431
QB,24,9,21,9,525
QB,24,12,2,7,27
QB,24,11,9,9,482
QB,24,10,29,11,39
QB,24,9,6,5,4273
QB,24,11,28,5,725
QB,24,10,5,6,170
QB,24,12,9,10,18
QB,24,9,2,12,24
QB,24,11,20,10,19
QB,24,1,19,12,43
QB,24,12,9,11,13
QB,24,12,30,5,2384
QB,24,12,28,6,140
QB,24,10,3,1,47
QB,24,12,7,8,102
QB,24,10,8,7,41
QB,24,8,11,14,14
QB,24,10,17,2,11117
QB,24,11,13,9,1161
QB,24,9,23,3,2681
QB,24,10,23,12,22
QB,24,10,6,3,1433
QB,24,9,13,3,5396
QB,24,10,15,6,511
QB,24,12,10,2,12790
QB,24,10,24,3,2432
QB,24,10,31,3,2649
QB,24,9,14,14,32
QB,24,12,2,8,140
QB,24,10,9,7,30
QB,25,3,25,2,7876
QB,24,9,19,5,2713
QB,24,12,24,9,610
QB,24,12,21,3,2033
QB,24,9,12,4,263
QB,24,11,1,4,166
QB,24,12,12,1,37
QB,24,12,28,8,108
QB,24,11,1,12,19
QB,24,8,31,11,16
QB,24,11,16,3,2151
QB,24,10,9,14,134
QB,24,9,28,9,487
QB,24,9,26,14,24
QB,24,10,1,1,58
QB,24,12,21,12,17
QB,24,12,10,7,32
QB,24,11,19,7,43
QB,24,11,19,12,29
QB,25,1,16,3,2148
QB,25,2,2,3,1237
QB,24,12,1,3,1720
QB,24,11,4,4,187
QB,24,9,11,14,42
QB,24,10,8,6,480
QB,24,9,3,10,14
QB,24,11,29,4,134
QB,24,10,21,14,29
QB,24,10,30,12,26
QB,24,12,22,8,56
QB,24,6,18,10,14
QB,24,10,27,2,19577
QB,24,9,24,3,2442
QB,24,11,30,9,408
QB,24,11,26,5,2363
QB,24,12,23,5,2305
QB,24,9,20,6,445
QB,24,10,4,6,408
QB,24,12,26,12,17
QB,24,9,30,4,184
QB,24,10,17,4,189
QB,24,10,5,8,141
QB,24,7,25,13,2
QB,24,12,6,3,2717
QB,24,12,9,4,219
QB,24,9,13,1,136
QB,24,11,21,6,406
QB,24,12,9,12,22
QB,24,11,13,2,13794
QB,24,11,27,2,14694
QB,24,12,20,5,2207
QB,24,12,21,2,17009
QB,24,11,23,9,499
QB,24,12,6,5,2269
QB,24,9,3,3,5470
QB,24,11,12,7,34
QB,24,10,26,11,16
QB,24,10,3,6,434
QB,24,10,14,3,2247
QB,24,11,13,6,485
QB,24,12,7,5,1302
QB,24,11,13,10,11
QB,24,9,23,10,14
QB,24,11,15,11,29
QB,24,9,24,11,28
QB,24,11,21,10,12
QB,24,12,21,5,1169
QB,24,9,27,3,2467
QB,24,11,26,7,27
QB,24,12,2,4,166
QB,24,10,28,1,38
QB,24,10,8,10,16
QB,24,11,10,2,17965
QB,24,10,28,2,13921
QB,24,11,27,5,2259
QB,24,9,4,14,143
QB,24,11,12,6,427
QB,24,11,28,11,19
QB,24,11,13,12,25
QB,24,12,30,1,25
QB,24,6,16,7,14
QB,25,3,18,5,1981
QB,24,3,23,10,4
QB,24,11,5,5,2090
QB,24,9,18,2,13753
QB,24,12,10,4,233
QB,24,10,11,6,455
QB,24,10,30,6,467
QB,24,9,22,4,149
QB,24,10,17,7,29
QB,24,10,9,10,15
QB,24,11,9,14,20
QB,24,2,25,12,22
QB,24,1,25,1,26
QB,24,10,7,2,13146
QB,24,10,2,3,2377
QB,24,10,7,6,457
QB,24,12,23,8,130
QB,24,10,3,8,174
QB,24,10,4,11,29
QB,24,10,30,14,23
QB,24,11,11,10,6
QB,24,5,18,12,24
QB,24,11,6,9,1098
QB,24,9,9,9,1497
QB,24,9,12,10,21
QB,24,12,17,10,13
QB,24,11,22,2,13895
QB,24,10,11,14,180
QB,24,10,27,1,32
QB,24,2,10,10,4
QB,24,10,16,9,1300
QB,24,10,6,4,167
QB,24,10,18,6,369
QB,24,9,9,12,41
QB,24,11,26,1,48
QB,24,10,25,10,12
QB,24,10,29,12,18
QB,24,9,11,3,5746
QB,24,10,6,2,17709
QB,24,10,16,3,1737
QB,24,12,24,6,301
QB,24,11,21,8,171
QB,24,9,22,8,58
QB,24,12,31,8,143
QB,24,11,15,8,169
QB,24,11,13,1,25
QB,24,11,27,10,11
QB,24,9,11,5,3988
QB,24,12,3,2,13704
QB,24,12,12,6,466
QB,24,9,4,9,1770
QB,24,11,21,5,2058
QB,24,11,26,8,203
QB,24,9,17,4,191
QB,24,11,10,1,21
QB,24,12,8,14,3
QB,24,12,11,7,30
QB,24,12,21,10,8
QB,24,9,15,11,13
QB,24,12,7,14,31
QB,24,12,3,6,485
QB,24,10,16,14,21
QB,24,2,29,10,27
QB,24,9,18,3,2541
QB,24,10,18,5,2355
QB,24,9,26,4,188
QB,24,10,1,10,15
QB,24,11,14,7,40
QB,24,10,26,7,14
QB,24,12,16,14,73
QB,24,10,21,7,27
QB,24,12,25,8,16
QB,24,11,19,6,475
QB,24,12,18,2,13853
QB,24,9,5,6,766
QB,24,9,29,6,56
QB,24,9,24,1,58
QB,24,10,9,11,28
QB,24,11,22,14,72
QB,24,10,2,1,51
QB,24,10,10,12,27
QB,24,12,30,2,14923
QB,24,10,4,3,2389
QB,24,11,20,4,202
QB,24,12,9,6,416
QB,24,10,6,6,93
QB,24,10,16,4,146
QB,24,9,3,14,24
QB,24,7,21,12,30
QB,24,9,20,9,1147
QB,24,11,24,3,1833
QB,24,11,11,8,141
QB,24,9,4,8,317
QB,24,11,27,4,205
QB,24,12,2,6,434
QB,24,11,7,6,412
QB,24,11,11,1,30
QB,24,10,24,14,25
QB,24,9,21,14,16
QB,24,12,21,14,20
QB,24,9,8,6,102
QB,24,10,4,7,37
QB,24,11,12,1,33
QB,24,12,1,14,9
QB,25,1,13,6,311
QB,24,10,24,2,14184
QB,24,9,12,9,1879
QB,24,10,23,3,2517
QB,24,10,1,4,199
QB,24,11,30,4,117
QB,24,12,16,6,407
QB,24,9,18,14,40
QB,24,10,18,14,16
QB,24,10,20,8,52
QB,24,12,11,12,28
QB,24,12,17,12,22
QB,24,9,28,1,26
QB,24,9,18,7,29
QB,24,9,26,9,1078
QB,24,9,3,5,4095
QB,24,12,28,9,433
QB,24,9,30,11,16
QB,24,10,30,11,38
QB,24,9,11,1,132
QB,24,10,27,4,136
QB,24,11,24,8,56
QB,24,10,29,1,51
QB,24,11,11,11,11
QB,24,9,16,14,15
QB,24,9,25,12,22
QB,24,3,7,13,2
QB,24,5,11,10,4
QB,24,12,11,2,12805
QB,24,12,23,3,2584
QB,24,9,26,6,468
QB,24,12,14,4,170
QB,24,11,22,12,29
QB,24,11,20,12,32
QB,24,10,1,11,27
QB,24,9,11,12,69
QB,24,6,4,7,36
QB,24,9,5,9,1786
QB,24,10,23,9,1074
QB,24,11,20,1,45
QB,24,12,17,6,461
QB,24,9,30,14,12
QB,24,9,11,7,35
QB,24,10,1,9,1063
QB,24,11,6,8,197
QB,24,9,25,7,33
QB,24,12,5,1,20
QB,24,11,13,14,48
QB,24,10,14,1,32
QB,24,1,14,14,7
QB,24,12,15,2,18232
QB,24,9,27,6,445
QB,24,12,2,14,35
QB,24,12,23,1,28
QB,24,11,22,6,410
QB,24,10,18,2,10961
QB,24,11,20,3,2893
QB,24,10,7,9,1026
QB,24,11,25,5,2363
QB,24,12,8,9,334
QB,24,12,18,8,209
QB,24,11,22,9,1077
QB,24,10,28,7,16
QB,24,12,28,11,10
QB,24,1,9,14,21
QB,24,12,5,2,14492
QB,24,10,2,12,17
QB,24,11,22,10,14
QB,24,9,3,11,25
QB,24,3,22,13,1
QB,24,12,13,9,957
QB,24,11,29,5,1515
QB,24,11,25,14,94
QB,24,10,30,3,2673
QB,24,12,30,4,170
QB,24,11,4,6,399
QB,24,12,15,9,311
QB,24,10,5,1,56
QB,24,12,23,14,81
QB,24,9,8,8,104
QB,24,12,19,4,174
QB,24,9,2,7,13
QB,24,12,16,11,14
QB,24,10,26,14,17
QB,25,3,11,3,2249
QB,25,3,21,3,2404
QB,24,12,31,2,16037
QB,24,11,19,10,24
QB,24,10,3,4,181
QB,24,9,17,14,24
QB,24,11,22,7,27
QB,24,9,25,9,945
QB,24,12,10,9,1030
QB,24,12,13,5,2341
QB,24,11,22,5,2073
QB,24,9,30,9,1028
QB,24,12,25,5,597
QB,24,10,18,11,23
QB,24,10,18,3,1819
QB,24,10,3,7,28
QB,24,9,10,6,715
QB,24,12,25,11,6
QB,24,12,2,10,12
QB,24,11,27,7,32
QB,24,10,31,13,1
QB,24,9,27,4,225
QB,24,9,21,6,202
QB,24,12,19,10,14
QB,24,10,31,14,103
QB,24,12,10,10,16
QB,24,10,4,1,51
QB,24,11,15,1,37
QB,24,12,23,10,9
QB,24,10,10,8,201
QB,24,11,27,12,21
QB,24,12,24,4,160
QB,24,3,18,11,21
QB,24,5,13,10,16
QB,24,3,24,14,6
QB,24,12,26,2,14195
QB,24,9,1,3,3416
QB,24,9,20,8,212
QB,24,10,18,9,1117
QB,24,12,15,5,878
QB,24,9,30,12,19
QB,24,10,27,6,65
QB,24,9,30,1,46
QB,24,12,16,4,186
QB,24,11,5,10,12
QB,24,4,29,12,29
QB,24,10,26,9,513
QB,24,12,10,6,506
QB,24,11,15,9,975
QB,24,12,20,9,1052
QB,24,11,3,1,31
QB,24,9,23,9,972
QB,24,9,15,4,183
QB,24,9,1,11,16
QB,24,12,12,14,80
QB,25,2,23,2,15764
QB,24,11,4,5,2502
QB,24,11,26,3,3014
QB,24,10,31,1,65
QB,24,9,17,1,57
QB,24,9,30,2,13779
QB,24,9,6,8,353
QB,24,9,25,10,19
QB,24,1,15,12,26
QB,24,8,5,10,18
QB,24,12,18,9,1038
QB,24,9,19,8,192
QB,24,9,16,4,219
QB,24,10,28,6,394
QB,24,12,3,12,32
QB,24,10,19,2,14928
QB,24,11,12,3,2640
QB,24,11,13,5,2816
QB,24,10,14,6,419
QB,24,9,20,14,62
QB,24,9,26,11,32
QB,24,11,27,11,22
QB,24,9,26,10,14
QB,24,6,1,14,5
QB,24,3,11,10,17
QB,24,9,16,3,5660
QB,24,12,12,2,14158
QB,24,10,18,8,170
QB,24,9,19,6,447
QB,24,9,13,8,290
QB,24,12,27,7,38
QB,24,11,21,11,33
QB,24,11,8,14,21
QB,24,12,21,7,16
QB,24,12,11,3,2796
QB,24,10,9,5,2725
QB,24,12,11,9,1041
QB,24,11,2,9,500
QB,24,9,13,5,4017
QB,24,9,6,3,5552
QB,24,11,5,9,966
QB,24,12,18,3,3015
QB,24,12,23,12,14
QB,24,10,7,7,24
QB,24,10,5,7,17
QB,24,7,21,14,14
QB,24,12,6,2,15164
QB,24,11,17,5,761
QB,24,10,24,6,415
QB,24,9,7,9,857
QB,24,11,16,4,137
QB,24,10,11,12,35
QB,24,9,14,11,25
QB,24,12,6,10,17
QB,24,9,21,12,16
QB,24,12,27,10,12
QB,24,11,3,4,217
QB,24,11,4,8,147
QB,24,10,9,12,30
QB,24,11,25,7,30
QB,24,10,16,7,29
QB,24,10,15,2,13066
QB,24,11,30,2,17167
QB,24,9,20,5,2625
QB,24,10,11,9,1135
QB,24,12,29,3,1588
QB,24,10,11,10,13
QB,24,9,9,4,210
QB,24,11,11,7,23
QB,24,9,17,12,15
QB,24,12,17,11,27
QB,24,12,29,7,13
QB,24,12,19,7,28
QB,24,11,25,2,13357
QB,24,11,4,9,969
QB,24,9,16,5,4294
QB,24,12,22,5,785
QB,24,12,28,5,1037
QB,24,11,13,8,230
QB,24,11,10,8,51
QB,24,12,10,1,39
QB,24,9,8,14,56
QB,24,10,31,10,8
QB,24,9,7,2,36442
QB,24,12,19,9,1085
QB,24,9,7,3,3953
QB,24,10,1,8,190
QB,24,10,9,8,220
QB,24,9,1,14,5
QB,24,12,29,2,17174
QB,24,11,19,9,1153
QB,24,12,1,9,329
QB,24,10,29,6,492
QB,24,9,20,4,240
QB,24,10,27,11,11
QB,24,12,3,14,66
QB,24,9,15,14,28
QB,24,9,20,11,28
QB,24,10,28,12,16
QB,24,3,21,14,17
QB,24,9,11,2,30161
QB,24,11,10,3,1711
QB,24,9,4,5,4161
QB,24,11,28,3,1645
QB,24,9,6,4,264
QB,24,12,29,8,44
QB,24,4,29,10,17
QB,24,11,26,2,13357
QB,24,11,11,5,2305
QB,24,9,8,3,3784
QB,24,10,3,9,938
QB,24,12,3,8,201
QB,24,10,20,6,56
QB,24,11,24,1,23
QB,24,12,10,14,115
QB,24,12,20,10,16
QB,24,10,17,14,19
QB,25,1,20,6,225
QB,24,3,11,11,16
QB,24,10,13,2,17591
QB,24,12,6,9,1065
QB,24,12,28,4,122
QB,24,12,26,14,12
QB,24,10,27,8,45
QB,24,11,25,1,47
QB,24,9,13,10,25
QB,24,10,16,12,29
QB,24,4,1,12,14
QB,24,12,25,9,126
QB,24,10,20,2,19146
QB,24,12,14,9,490
QB,24,12,6,8,194
QB,24,9,17,8,224
QB,24,9,6,14,103
QB,24,9,4,4,307
QB,24,12,6,1,16
QB,25,2,15,5,1157
QB,24,9,9,2,32594
QB,24,11,7,2,13117
QB,24,9,12,14,81
QB,24,10,27,3,1657
QB,24,11,20,6,501
QB,24,12,30,9,882
QB,24,10,9,4,260
QB,24,9,5,7,44
QB,24,12,13,3,2715
QB,24,9,5,5,4326
QB,24,10,14,5,2602
QB,24,9,8,9,487
QB,24,12,31,14,17
QB,24,9,23,5,2652
QB,24,9,1,5,1335
QB,24,10,5,9,594
QB,24,9,7,12,57
QB,24,12,13,6,431
QB,24,10,18,4,163
QB,24,12,15,6,52
QB,24,11,7,1,43
QB,24,11,6,4,181
QB,24,12,24,12,15
QB,24,8,2,11,33
QB,24,3,5,10,21
QB,24,12,24,5,1892
QB,24,12,9,9,999
QB,24,12,18,1,21
QB,24,12,22,3,1706
QB,24,9,6,6,707
QB,24,10,4,8,194
QB,24,11,24,4,147
QB,24,12,22,9,305
QB,24,12,21,11,14
QB,24,11,5,1,41
QB,24,12,20,4,175
QB,24,10,1,12,25
QB,24,7,4,7,4
QB,24,12,10,3,2850
QB,24,10,12,3,1644
QB,24,10,24,5,2559
QB,24,10,22,11,41
QB,24,12,25,4,85
QB,24,12,29,14,5
QB,24,11,28,7,8
QB,24,10,23,11,32
QB,24,12,16,3,2831
QB,24,10,16,5,2519
QB,24,9,11,9,1600
QB,24,10,6,8,49
QB,24,12,8,5,848
QB,24,9,11,11,51
QB,24,12,21,6,197
QB,24,9,4,11,54
QB,24,9,6,1,130
QB,24,9,7,11,28
QB,24,11,29,12,10
QB,25,3,27,3,1019
QB,24,9,5,2,31162
QB,24,10,30,8,194
QB,24,9,21,3,1782
QB,24,11,10,4,155
QB,24,11,20,8,190
QB,24,12,23,11,18
QB,24,9,23,7,40
QB,25,1,21,5,2426
QB,24,6,1,1,12
QB,24,11,12,5,2660
QB,24,12,14,2,17567
QB,24,12,17,5,2206
QB,24,10,17,9,1099
QB,24,11,7,3,2467
QB,24,12,31,6,315
QB,24,10,13,10,1
QB,24,10,5,14,17
QB,24,12,25,6,47
QB,24,12,15,8,50
QB,25,3,20,2,11627
QB,24,5,25,14,11
QB,24,10,12,8,124
QB,24,11,19,3,2816
QB,24,12,20,3,2808
QB,24,9,18,4,191
QB,24,9,13,7,46
QB,24,11,1,10,12
QB,24,9,17,7,31
QB,24,10,19,11,24
QB,24,11,7,4,163
QB,24,10,4,12,21
QB,24,10,26,4,179
QB,24,12,24,7,21
QB,24,12,22,7,9
QB,25,2,28,3,2350
QB,24,10,5,2,17000
QB,24,10,11,11,29
QB,24,9,18,10,14
QB,25,3,5,2,10604
QB,24,9,4,1,151
QB,24,11,5,6,328
QB,24,10,10,6,456
QB,24,11,8,8,195
QB,24,12,30,11,21
QB,24,11,2,1,37
QB,24,9,4,10,23
QB,24,4,9,10,14
QB,24,4,8,12,29
QB,24,2,16,10,19
QB,24,11,18,2,14256
QB,24,9,5,8,350
QB,24,11,6,1,53
QB,24,12,24,8,124
QB,24,11,24,11,13
QB,24,3,12,7,31
QB,24,9,26,5,2679
QB,24,12,7,4,151
QB,24,11,24,6,82
QB,24,12,21,8,124
QB,24,9,8,1,107
QB,24,10,28,8,143
QB,24,12,3,11,36
QB,24,10,25,14,47
QB,24,12,2,1,18
QB,24,10,12,11,11
QB,24,6,17,11,22
QB,24,10,14,2,14207
QB,24,11,1,6,463
QB,24,9,10,9,1765
QB,24,11,11,6,400
QB,24,12,4,8,196
QB,24,9,19,4,230
QB,24,11,22,1,24
QB,24,10,22,1,52
QB,24,9,30,5,2830
QB,24,11,6,3,2696
QB,24,12,26,4,144
QB,24,11,17,9,307
QB,24,10,12,9,525
QB,24,10,15,4,250
QB,24,12,8,6,74
QB,24,10,18,12,18
QB,24,12,18,10,11
QB,24,9,28,3,1758
QB,24,11,1,5,2576
QB,24,9,25,4,202
QB,24,12,6,4,175
QB,24,12,16,7,25
QB,24,11,9,1,34
QB,24,9,23,8,160
QB,24,11,9,7,19
QB,24,12,29,4,129
QB,24,11,14,6,435
QB,24,10,23,5,2482
QB,24,10,31,6,442
QB,24,11,16,8,106
QB,24,10,22,4,172
QB,24,12,11,4,206
QB,24,9,24,7,27
QB,24,11,28,12,18
QB,24,4,2,1,35
QB,24,10,2,2,13476
QB,24,11,14,5,2776
QB,24,11,13,11,35
QB,24,11,15,14,90
QB,24,11,16,11,20
QB,24,12,22,12,14
QB,24,3,2,12,29
QB,24,11,20,2,13778
QB,24,9,19,9,1108
QB,24,11,3,8,43
QB,24,11,29,1,30
QB,24,12,7,7,16
QB,24,10,29,2,13777
QB,24,9,12,2,30808
QB,24,12,14,5,1345
QB,24,12,15,3,1842
QB,24,10,4,9,921
QB,24,9,6,7,63
QB,24,12,18,12,29
QB,24,9,19,14,53
QB,24,10,21,1,51
QB,24,12,22,14,30
QB,24,9,22,14,32
QB,24,12,24,14,31
QB,24,10,21,5,2715
QB,24,11,15,5,2166
QB,24,12,20,1,21
QB,24,9,1,8,101
QB,24,11,7,8,190
QB,24,11,18,4,165
QB,24,10,27,12,8
QB,24,9,9,3,5748
QB,24,12,28,3,1826
QB,24,9,17,6,501
QB,24,10,3,3,2338
QB,24,10,8,11,29
QB,24,10,10,14,66
QB,24,12,26,8,117
QB,24,9,16,7,52
QB,24,11,14,1,31
QB,24,5,25,11,17
QB,24,11,6,2,14038
QB,24,12,26,3,2521
QB,24,11,24,2,17913
QB,24,11,14,8,188
QB,24,11,18,6,472
QB,24,10,22,8,219
QB,24,9,9,7,40
QB,24,3,27,14,23
QB,24,10,8,4,290
QB,24,9,3,6,624
QB,24,9,7,4,237
QB,24,12,28,1,14
QB,24,10,7,14,29
QB,24,11,16,2,17829
QB,24,12,31,5,2049
QB,24,12,5,8,171
QB,24,9,29,9,321
QB,24,9,11,8,292
QB,24,11,30,11,13
QB,24,9,6,10,18
QB,25,1,2,6,285
QB,24,11,2,5,1412
QB,24,12,27,9,794
QB,24,10,8,9,1165
QB,24,9,7,8,208
QB,24,11,8,7,27
QB,24,9,23,1,46
QB,24,10,13,8,49
QB,24,12,27,8,154
QB,24,12,6,7,32
QB,24,10,15,12,25
QB,24,10,24,10,15
QB,24,8,14,10,9
QB,24,12,25,3,1432
QB,24,12,27,5,2058
QB,24,12,11,11,28
QB,24,9,2,1,109
QB,24,12,30,8,139
QB,24,9,29,5,978
QB,24,10,4,4,175
QB,24,9,25,1,41
QB,24,11,4,3,2726
QB,24,10,30,9,1116
QB,24,10,6,5,973
QB,24,12,3,3,2971
QB,24,9,21,1,87
QB,24,9,8,7,15
QB,24,11,21,7,38
QB,24,10,28,3,2495
QB,24,12,5,11,29
QB,24,11,5,4,139
QB,24,2,25,11,17
QB,24,11,3,2,17386
QB,24,9,4,2,30234
QB,24,10,13,5,964
QB,24,10,29,3,2579
QB,24,9,10,4,281
QB,24,12,17,4,250
QB,24,10,13,1,53
QB,24,10,26,12,14
QB,24,10,8,2,12160
QB,24,12,7,3,1953
QB,24,10,10,2,13257
QB,24,12,4,4,188
QB,24,11,23,6,139
QB,24,12,21,4,112
QB,24,10,8,12,25
QB,24,10,14,12,18
QB,24,12,27,3,2501
QB,24,11,28,2,16414
QB,24,12,19,2,14411
QB,24,9,20,12,27
QB,24,11,1,1,49
QB,24,11,26,14,91
QB,24,11,4,7,25
QB,24,9,19,10,11
QB,24,9,9,14,22
QB,24,12,1,1,10
QB,24,12,14,1,23
QB,24,11,14,13,1
QB,24,11,2,12,14
QB,24,12,28,12,5
QB,24,10,22,12,18
QB,24,10,28,11,15
QB,24,11,3,12,13
QB,24,10,2,10,14
QB,24,10,12,1,22
QB,24,10,17,12,23
QB,24,10,20,11,11
QB,24,10,11,13,2
QB,24,9,24,10,14
QB,24,11,11,13,1
QB,24,12,13,14,30
QB,24,12,25,12,9
QB,24,11,30,12,17
QB,24,10,6,12,11
QB,24,9,20,10,8
QB,24,11,5,7,29
QB,24,11,28,14,9
QB,24,9,8,10,2
QB,24,12,13,13,2
QB,24,12,30,10,7
QB,24,12,14,10,3
QB,24,10,28,10,11
QB,24,10,6,14,11
QB,24,11,30,7,15
QB,24,12,3,10,15
QB,24,11,2,14,8
QB,24,12,25,7,1
QB,24,12,31,12,11
QB,24,11,26,11,37
QB,24,9,23,11,11
QB,24,10,21,12,20
QB,24,9,7,14,19
QB,25,3,31,2,9929
QB,24,10,22,13,1
QB,24,11,17,1,29
QB,24,12,22,1,8
QB,24,12,7,12,20
QB,24,12,31,10,6
QB,24,11,29,14,8
QB,24,12,24,11,17
QB,24,10,13,11,6
QB,24,12,11,10,12
QB,24,10,5,12,16
QB,24,11,6,12,21
QB,24,11,3,7,5
QB,24,10,29,10,12
QB,24,12,2,12,21
QB,24,9,2,14,16
QB,24,9,14,12,36
QB,24,12,27,1,11
QB,24,10,7,12,14
QB,24,10,26,10,3
QB,24,10,30,13,1
QB,24,11,30,10,2
QB,24,12,1,13,1
QB,24,10,10,11,28
QB,24,11,21,1,26
QB,24,12,16,1,16
QB,24,9,10,10,18
QB,24,11,17,10,1
QB,24,12,4,12,24
QB,24,12,22,11,13
QB,24,10,12,14,11
QB,24,10,27,7,10
QB,24,10,5,11,20
QB,24,12,27,12,13
QB,24,12,19,11,31
QB,24,11,23,14,6
QB,24,10,27,14,8
QB,24,11,17,12,13
QB,24,12,25,14,10
QB,24,10,3,11,24
QB,24,12,26,1,12
QB,24,12,10,12,20
QB,24,12,1,11,15
QB,24,12,1,12,15
QB,24,10,17,10,15
QB,24,11,17,14,4
QB,24,12,15,7,3
QB,24,11,24,14,7
QB,24,12,29,6,48
QB,24,12,13,10,11
QB,24,11,7,10,6
QB,24,11,10,14,7
QB,24,12,31,11,14
QB,24,9,26,12,21
QB,24,9,14,10,3
QB,24,9,22,11,9
QB,24,11,23,12,12
QB,24,9,27,10,12
QB,24,10,22,10,15
QB,24,10,31,7,35
QB,24,10,27,10,4
QB,24,11,24,7,5
QB,24,9,7,10,7
QB,24,9,21,7,15
QB,24,10,19,12,15
QB,24,10,20,7,9
QB,24,10,28,13,1
QB,24,11,16,7,18
QB,24,12,22,10,3
QB,24,11,26,10,12
QB,24,12,27,13,2
QB,24,12,28,10,4
QB,24,11,3,10,1
QB,24,11,2,10,2
QB,24,12,24,1,14
QB,24,12,29,11,8
QB,24,11,17,7,11
QB,24,10,18,10,14
QB,24,11,17,11,6
QB,24,11,30,14,18
QB,24,10,15,10,16
QB,24,9,21,10,6
QB,24,11,16,10,5
QB,24,9,17,13,1
QB,24,10,6,7,10
QB,24,9,28,10,3
QB,24,12,14,12,15
QB,24,12,26,10,8
QB,24,11,12,10,13
QB,24,9,25,11,24
QB,24,11,29,11,9
QB,24,12,3,13,1
QB,24,12,30,14,18
QB,25,2,7,2,11540
QB,24,11,24,12,16
QB,25,1,17,8,127
QB,24,10,19,10,4
QB,24,10,7,13,1
QB,24,11,21,13,1
QB,24,10,4,10,8
QB,24,11,9,10,1
QB,24,9,15,10,3
QB,24,10,27,13,1
QB,25,2,19,3,2054
QB,24,11,23,13,1
QB,25,1,18,3,1466
QB,24,10,24,13,1
QB,24,12,4,13,1
QB,24,10,12,10,2
QB,24,12,8,7,2
QB,25,3,25,3,1501
QB,24,10,6,11,5
QB,24,11,23,10,2
QB,25,2,18,5,2414
QB,24,10,16,13,1
QB,24,11,4,13,1
QB,25,3,13,3,2239
QB,24,12,8,10,1
QB,24,12,11,13,1
QB,25,3,6,5,2200
QB,25,2,19,2,11871
QB,25,3,26,2,7695
QB,25,1,13,2,11674
QB,25,2,4,2,10948
QB,25,3,8,3,1670
QB,24,12,30,13,1
QB,25,1,1,3,1204
QB,24,9,1,13,1
QB,24,12,19,13,1
QB,24,12,9,13,1
QB,24,9,6,13,1
QB,24,11,6,13,1
QB,24,11,10,10,1
QB,24,12,5,13,1
QB,24,12,15,10,1
QB,24,11,28,10,1
QB,24,9,10,13,1
QB,25,3,3,5,2268
QB,24,8,10,12,17
QB,24,1,14,12,6
QB,25,3,18,3,2144
QB,25,2,25,5,2264
QB,25,3,10,5,2338
QB,24,1,12,10,11
QB,24,1,22,13,2
QB,25,2,21,8,106
QB,25,2,12,5,2307
QB,24,5,9,10,6
QB,24,3,17,11,12
QB,24,3,4,10,21
QB,24,3,22,10,14
QB,24,4,3,10,8
QB,24,8,15,10,16
QB,24,3,21,7,40
QB,25,2,12,2,11070
QB,24,6,9,11,10
QB,25,3,24,2,1851
QB,25,1,14,6,308
QB,24,6,8,10,4
QB,24,7,4,10,1
QB,24,4,7,7,13
QB,24,8,5,13,2
QB,25,1,23,3,1893
QB,24,7,28,11,11
QB,25,1,14,2,10492
QB,24,6,16,14,12
QB,24,8,25,14,10
QB,25,1,24,9,612
QB,25,1,19,2,14279
QB,25,3,14,5,2209
QB,25,3,30,5,661
QB,24,8,24,14,15
QB,24,6,22,10,5
QB,25,2,17,5,2000
QB,25,3,7,3,2274
QB,24,4,23,14,2
QB,25,3,13,6,340
QB,24,3,3,13,1
QB,24,1,21,11,12
QB,25,1,16,2,11903
QB,25,2,8,3,1354
QB,24,4,13,1,3
QB,25,2,26,3,2372
QB,25,3,19,5,2144
QB,24,7,27,11,22
QB,25,3,9,4,131
QB,25,2,24,3,2192
QB,25,2,11,3,1911
QB,24,3,8,13,1
QB,24,4,23,7,10
QB,25,2,19,5,2358
QB,24,5,20,14,17
QB,25,2,17,2,12405
QB,25,2,13,5,2339
QB,25,1,6,5,2203
QB,24,3,15,10,20
QB,25,1,19,5,744
QB,25,1,19,3,1242
QB,24,3,31,11,11
QB,24,6,11,14,15
QB,24,3,11,13,1
QB,24,2,17,14,11
QB,25,1,10,3,2043
QB,25,3,3,6,322
QB,25,1,8,3,2185
QB,24,6,21,13,1
QB,24,2,11,11,11
QB,24,6,7,7,26
QB,24,5,27,14,4
QB,25,1,18,4,105
QB,24,8,19,10,13
QB,24,2,29,13,4
QB,24,1,22,14,12
QB,24,3,3,10,1
QB,24,3,25,10,5
QB,25,2,14,6,282
QB,25,1,15,5,2249
QB,25,3,9,5,709
QB,24,6,26,13,1
QB,24,2,8,13,1
QB,24,1,1,14,7
QB,25,2,9,3,739
QB,24,7,14,11,12
QB,24,8,12,10,13
QB,24,6,27,14,17
QB,25,1,14,5,2188
QB,25,1,24,6,275
QB,24,1,6,10,1
QB,25,1,7,5,2170
QB,24,2,28,13,1
QB,24,4,6,13,1
QB,25,3,7,5,2222
QB,24,2,13,10,1
QB,24,8,25,10,1
QB,24,2,3,10,7
QB,24,5,19,10,2
QB,24,2,6,13,2
QB,25,1,27,4,104
QB,24,3,29,13,2
QB,25,3,29,5,1132
QB,25,3,2,5,703
QB,24,1,13,10,1
QB,24,2,10,14,12
QB,24,3,24,10,1
QB,25,1,25,5,1314
QB,25,3,21,5,2095
QB,25,2,20,5,2228
QB,24,1,14,10,2
QB,25,3,17,3,2170
QB,25,1,28,5,2306
QB,24,3,24,11,13
QB,24,5,30,14,23
QB,24,2,27,13,1
QB,25,2,5,3,1799
QB,24,7,7,11,6
QB,25,2,5,8,133
QB,24,2,18,12,19
QB,25,1,8,4,123
QB,25,3,28,3,842
QB,25,1,15,4,133
QB,25,2,27,3,2418
QB,25,3,7,6,305
QB,25,3,26,5,1887
QB,24,1,21,10,10
QB,24,6,2,10,3
QB,25,1,3,5,2179
QB,24,3,16,13,1
QB,24,3,30,10,6
QB,24,1,15,10,6
QB,24,6,1,11,9
QB,25,3,11,9,745
QB,25,2,13,8,119
QB,24,4,23,10,4
QB,25,1,26,3,1307
QB,25,3,8,5,1221
QB,25,1,15,3,2078
QB,25,1,20,3,1773
QB,24,8,4,13,1
QB,24,5,16,10,11
QB,25,1,25,3,1391
QB,25,3,10,6,347
QB,25,1,31,4,124
QB,24,6,18,13,2
QB,25,2,24,6,275
QB,24,6,20,13,1
QB,25,1,31,5,2166
QB,25,3,31,3,2016
QB,25,3,1,5,1154
QB,25,1,17,3,1996
QB,25,1,31,8,125
QB,25,3,4,5,2337
QB,25,3,24,5,292
QB,24,4,26,13,1
QB,24,5,17,13,2
QB,25,3,23,3,1523
QB,24,1,18,13,2
QB,25,1,22,5,2294
QB,24,5,18,10,5
QB,25,1,2,3,2117
QB,25,3,23,5,732
QB,24,2,22,13,5
QB,25,2,7,4,130
QB,25,1,5,3,1334
QB,25,3,30,4,132
QB,25,1,13,9,709
QB,25,2,10,5,1660
QB,25,3,19,4,143
QB,24,2,10,13,3
QB,24,6,17,13,1
QB,25,1,3,3,2074
QB,24,2,11,13,1
QB,25,1,9,6,280
QB,25,3,2,3,1484
QB,25,1,22,4,139
QB,25,1,13,5,2258
QB,24,8,7,13,4
QB,25,2,8,5,1215
QB,25,1,10,5,2289
QB,25,3,15,9,333
QB,24,4,13,12,2
QB,25,1,11,5,1181
QB,25,2,17,3,1851
QB,25,2,6,5,2320
QB,25,2,18,3,1896
QB,24,7,28,10,2
QB,25,2,25,3,2255
QB,24,5,26,10,2
QB,24,2,24,10,1
QB,25,3,21,6,312
QB,25,3,5,5,2148
QB,25,2,25,6,346
QB,25,3,9,3,1455
QB,25,1,28,7,18
QB,25,3,22,3,1802
QB,24,1,23,13,1
QB,25,2,13,3,1884
QB,25,2,4,3,2015
QB,25,1,6,6,260
QB,24,2,7,13,2
QB,24,7,26,13,1
QB,25,3,4,8,133
QB,24,8,21,13,1
QB,24,4,13,8,3
QB,24,7,9,13,2
QB,25,2,14,4,122
QB,24,6,5,13,1
QB,25,1,24,5,2473
QB,24,3,1,13,1
QB,25,2,21,5,2019
QB,25,2,16,3,1330
QB,25,2,14,7,20
QB,25,1,4,5,1073
QB,25,1,16,4,125
QB,25,3,20,9,797
QB,24,8,2,13,1
QB,24,8,8,13,1
QB,24,2,4,10,1
QB,24,7,14,10,1
QB,25,1,2,5,2211
QB,24,8,26,13,1
QB,25,1,26,5,802
QB,25,2,11,5,2409
QB,25,3,14,3,2049
QB,24,8,31,10,2
QB,25,2,4,5,2441
QB,25,2,28,6,329
QB,25,1,31,6,285
QB,25,3,1,3,1697
QB,25,2,26,5,2299
QB,24,1,7,10,1
QB,25,3,31,5,1872
QB,25,1,14,3,1935
QB,24,8,13,13,1
QB,24,8,28,13,2
QB,24,8,12,13,1
QB,25,2,14,5,2160
QB,25,1,30,3,1783
QB,24,7,30,13,1
QB,25,3,17,6,294
QB,24,1,19,13,1
QB,24,8,4,10,1
QB,25,1,12,5,755
QB,24,6,6,13,2
QB,24,5,12,10,1
QB,24,4,6,10,1
QB,24,1,29,13,1
QB,25,1,25,4,83
QB,25,2,27,5,2176
QB,25,2,23,3,1571
QB,25,3,23,4,119
QB,25,1,17,4,117
QB,25,2,15,8,62
QB,25,3,15,3,1688
QB,25,3,10,3,2322
QB,25,2,11,4,141
QB,24,7,11,10,1
QB,24,3,28,13,1
QB,24,7,23,13,1
QB,24,1,26,13,1
QB,24,1,11,13,1
QB,25,1,30,5,2236
QB,25,1,27,3,1933
QB,25,2,23,9,195
QB,24,5,27,10,1
QB,25,1,5,5,761
QB,25,3,4,3,2350
QB,25,2,28,5,2176
QB,25,2,24,5,2341
QB,25,1,4,3,1460
QB,24,8,27,13,1
QB,24,8,18,10,1
QB,25,2,27,14,9
QB,25,3,5,9,767
QB,25,1,18,6,102
QB,25,1,29,12,15
QB,25,3,31,8,87
QB,25,1,16,11,14
QB,25,3,20,11,18
QB,25,2,21,11,16
QB,25,3,30,11,3
QB,25,1,29,4,128
QB,25,3,14,12,20
QB,25,3,25,5,1319
QB,25,2,15,3,1479
QB,25,1,22,11,20
QB,25,3,25,10,5
QB,25,1,2,10,4
QB,25,1,18,5,1158
QB,25,2,5,4,119
QB,25,3,24,11,5
QB,25,2,17,7,20
QB,25,1,6,7,18
QB,25,3,2,8,32
QB,25,3,6,10,6
QB,25,2,2,7,2
QB,25,2,16,6,45
QB,25,1,28,11,19
QB,25,3,14,9,703
QB,25,1,10,4,122
QB,25,3,26,9,667
QB,25,2,28,7,17
QB,25,2,2,8,29
QB,25,3,8,9,327
QB,25,3,27,7,13
QB,25,1,26,6,39
QB,25,3,25,7,12
QB,25,3,10,4,142
QB,25,1,12,6,47
QB,25,2,27,12,14
QB,25,3,27,11,7
QB,25,2,20,12,15
QB,25,2,20,10,8
QB,25,2,23,14,3
QB,25,1,29,9,561
QB,25,2,28,8,123
QB,25,2,27,6,288
QB,25,3,28,12,7
QB,25,1,15,7,22
QB,25,3,15,7,9
QB,25,1,10,9,732
QB,25,2,8,9,273
QB,25,1,5,6,33
QB,25,1,9,4,111
QB,25,3,9,7,4
QB,25,2,12,9,677
QB,25,2,3,6,283
QB,25,3,31,11,9
QB,25,3,28,7,6
QB,25,3,21,7,17
QB,25,2,3,7,16
QB,25,2,18,7,26
QB,25,2,18,9,676
QB,25,1,22,6,303
QB,25,3,31,9,711
QB,25,1,10,12,28
QB,25,1,11,4,83
QB,25,1,29,8,127
QB,25,1,16,8,117
QB,25,3,22,11,16
QB,25,1,12,4,103
QB,25,3,24,12,4
QB,25,2,26,10,8
QB,25,3,14,10,9
QB,25,3,23,6,43
QB,25,1,21,14,1
QB,25,2,8,8,52
QB,25,3,1,7,15
QB,25,3,15,11,10
QB,25,3,24,7,6
QB,25,1,10,6,304
QB,25,1,21,11,19
QB,25,2,22,10,2
QB,25,3,6,14,12
QB,25,2,2,11,7
QB,25,2,24,8,91
QB,25,3,9,9,202
QB,25,3,28,6,120
QB,25,3,10,8,107
QB,25,3,7,4,138
QB,25,2,22,8,68
QB,25,3,9,12,9
QB,25,2,14,12,15
QB,25,3,24,9,253
QB,25,2,11,12,8
QB,25,3,5,3,2303
QB,25,2,24,9,677
QB,25,3,22,4,108
QB,25,1,20,12,9
QB,25,1,21,12,17
QB,25,1,26,11,7
QB,25,1,9,5,2243
QB,25,2,7,11,17
QB,25,3,29,7,9
QB,25,1,18,14,1
QB,25,1,17,7,19
QB,25,2,6,7,19
QB,25,1,14,8,137
QB,25,1,14,7,21
QB,25,3,30,12,8
QB,25,2,4,14,1
QB,25,1,10,10,5
QB,25,1,10,14,1
QB,25,1,19,7,5
QB,25,2,20,7,18
QB,25,2,3,14,1
QB,25,3,4,14,3
QB,25,1,31,7,13
QB,25,3,7,8,132
QB,25,3,23,12,12
QB,25,3,17,9,620
QB,25,2,16,9,163
QB,25,2,6,6,269
QB,25,1,7,8,125
QB,25,2,21,4,133
QB,25,1,27,12,17
QB,25,2,15,14,3
QB,25,1,20,5,1793
QB,25,2,19,6,299
QB,25,3,1,8,65
QB,25,2,24,10,8
QB,25,2,12,11,19
QB,25,1,27,10,3
QB,25,1,1,4,68
QB,25,1,29,11,14
QB,25,1,6,11,10
QB,25,3,6,9,841
QB,25,2,19,12,20
QB,25,3,17,12,25
QB,25,1,31,12,11
QB,25,2,19,10,7
QB,25,1,1,11,4
QB,25,3,11,11,14
QB,25,3,19,9,801
QB,25,3,18,4,124
QB,25,2,18,12,7
QB,25,1,28,10,9
QB,25,2,15,12,5
QB,25,2,14,9,644
QB,25,2,6,10,5
QB,25,1,18,9,345
QB,25,2,5,14,8
QB,25,3,12,9,718
QB,25,3,20,8,137
QB,25,3,2,6,40
QB,25,1,16,9,650
QB,25,1,10,11,17
QB,25,1,26,8,27
QB,25,1,3,7,19
QB,25,2,2,12,11
QB,25,1,3,11,29
QB,25,3,4,12,21
QB,25,2,5,10,3
QB,25,3,27,8,75
QB,25,1,8,6,289
QB,25,2,13,9,673
QB,25,2,27,9,784
QB,25,1,1,6,36
QB,25,3,3,4,132
QB,25,3,7,10,4
QB,25,2,9,14,1
QB,25,2,11,14,3
QB,25,3,25,6,176
QB,25,1,4,12,8
QB,25,2,27,4,145
QB,25,1,13,7,24
QB,25,1,4,9,273
QB,25,2,7,9,654
QB,25,3,10,7,18
QB,25,2,27,11,6
QB,25,1,23,11,14
QB,25,3,12,14,2
QB,25,3,10,9,699
QB,25,3,6,6,365
QB,25,2,10,9,339
QB,25,3,30,3,1347
QB,25,3,21,14,9
QB,25,2,9,4,63
QB,25,3,17,4,142
QB,25,3,16,8,22
QB,25,3,17,8,102
QB,25,3,11,6,360
QB,25,3,15,14,2
QB,25,1,1,9,102
QB,25,1,16,10,4
QB,25,2,4,4,135
QB,25,3,21,10,4
QB,25,1,17,14,2
QB,25,2,5,12,17
QB,25,3,12,7,21
QB,25,3,25,12,21
QB,25,1,5,7,5
QB,25,3,20,12,19
QB,25,2,4,10,3
QB,25,3,21,9,774
QB,25,3,6,4,159
QB,25,2,12,7,30
QB,25,1,11,7,7
QB,25,3,27,9,480
QB,25,3,16,14,6
QB,25,3,11,10,3
QB,25,1,2,8,97
QB,25,2,10,6,187
QB,25,2,14,11,15
QB,25,3,1,6,96
QB,25,3,31,12,14
QB,25,3,11,7,13
QB,25,3,17,10,2
QB,25,3,5,11,17
QB,25,2,6,9,626
QB,25,2,8,10,4
QB,25,2,6,12,21
QB,25,3,20,4,135
QB,25,2,28,9,731
QB,25,2,5,9,616
QB,25,2,1,12,13
QB,25,2,4,9,680
QB,25,2,14,14,5
QB,25,2,17,12,5
QB,25,2,3,10,6
QB,25,1,5,9,198
QB,25,3,21,8,146
QB,25,1,5,4,106
QB,25,1,15,12,20
QB,25,1,17,6,277
QB,25,1,11,6,143
QB,25,1,20,11,6
QB,25,3,9,8,27
QB,25,2,23,11,12
QB,25,2,20,14,7
QB,25,2,11,7,21
QB,25,2,26,7,19
QB,25,3,24,4,19
QB,25,1,4,7,7
QB,25,1,11,9,335
QB,25,1,19,8,26
QB,25,3,5,10,8
QB,25,1,24,14,3
QB,25,1,31,3,1799
QB,25,3,26,6,287
QB,25,3,17,14,6
QB,25,1,14,14,3
QB,25,1,13,11,13
QB,25,2,21,7,22
QB,25,2,24,14,3
QB,25,3,23,10,2
QB,25,2,10,7,10
QB,25,2,15,9,293
QB,25,1,3,8,141
QB,25,2,6,4,128
QB,25,3,12,12,32
QB,25,2,17,14,5
QB,25,2,26,12,24
QB,25,1,8,7,23
QB,25,3,3,12,23
QB,25,1,6,14,6
QB,25,1,19,11,4
QB,25,2,25,11,21
QB,25,3,9,6,23
QB,25,1,20,7,12
QB,25,2,25,9,725
QB,25,2,25,8,107
QB,25,1,21,8,110
QB,25,1,14,12,17
QB,25,1,28,12,14
QB,25,3,7,9,722
QB,25,2,24,7,28
QB,25,3,4,10,4
QB,25,3,12,1,1
QB,25,3,18,6,344
QB,25,3,1,12,9
QB,25,3,20,10,7
QB,25,1,22,14,3
QB,25,3,14,11,15
QB,25,1,14,10,7
QB,25,1,24,3,1782
QB,25,1,31,9,626
QB,25,2,2,9,189
QB,25,2,24,11,12
QB,25,3,13,4,142
QB,25,1,8,10,7
QB,25,2,10,12,4
QB,25,1,21,9,663
QB,25,3,5,7,22
QB,25,1,7,11,13
QB,25,2,22,11,9
QB,25,1,14,4,134
QB,25,1,4,11,14
QB,25,2,22,7,12
QB,25,2,7,10,4
QB,25,3,18,14,11
QB,25,3,11,13,1
QB,25,1,27,14,4
QB,25,3,13,10,4
QB,25,3,23,8,31
QB,25,1,29,10,14
QB,25,2,13,7,10
QB,25,1,19,12,6
QB,25,3,21,12,14
QB,25,2,4,12,16
QB,25,2,12,10,9
QB,25,3,2,12,9
QB,25,1,27,9,638
QB,25,3,13,11,15
QB,25,1,15,10,5
QB,25,3,24,6,48
QB,25,3,12,11,14
QB,25,2,8,11,5
QB,25,1,21,10,1
QB,25,2,19,9,634
QB,25,3,11,4,130
QB,25,1,19,4,87
QB,25,2,16,4,118
QB,25,2,15,4,101
QB,25,2,14,10,10
QB,25,3,4,11,22
QB,25,1,17,11,11
QB,25,3,12,10,5
QB,25,3,9,11,10
QB,25,2,3,11,13
QB,25,2,21,14,6
QB,25,1,9,3,2292
QB,25,3,11,12,25
QB,25,1,24,11,13
QB,25,2,17,8,73
QB,25,2,10,11,7
QB,25,1,17,10,5
QB,25,1,23,9,683
QB,25,3,12,4,148
QB,25,2,18,4,138
QB,25,3,11,14,3
QB,25,3,11,5,2413
QB,25,3,18,9,796
QB,25,1,9,9,731
QB,25,2,12,8,120
QB,25,1,18,7,10
QB,25,3,18,8,143
QB,25,2,15,10,4
QB,25,1,6,4,108
QB,25,2,10,8,57
QB,25,1,9,10,9
QB,25,2,9,7,3
QB,25,1,23,10,7
QB,25,2,1,6,96
QB,25,2,1,9,273
QB,25,1,30,7,16
QB,25,1,5,8,31
QB,25,1,25,7,12
QB,25,1,25,10,1
QB,25,2,7,6,277
QB,25,2,20,6,283
QB,25,1,27,7,16
QB,25,2,24,12,21
QB,25,3,26,8,110
QB,25,3,5,4,138
QB,25,1,2,7,17
QB,25,1,8,11,13
QB,25,2,25,7,20
QB,25,1,3,10,5
QB,25,3,22,10,3
QB,25,2,20,8,85
QB,25,1,31,11,14
QB,25,1,30,11,16
QB,25,2,27,7,18
QB,25,1,30,12,14
QB,25,1,28,9,606
QB,25,3,26,4,109
QB,25,3,3,9,731
QB,25,2,16,12,5
QB,25,2,28,11,11
QB,25,3,8,11,10
QB,25,2,23,12,6
QB,25,3,16,7,3
QB,25,1,3,9,646
QB,25,1,8,8,137
QB,25,2,22,4,109
QB,25,1,22,12,13
QB,25,3,3,7,19
QB,25,1,26,4,113
QB,25,2,26,11,16
QB,25,1,4,8,72
QB,25,1,27,6,269
QB,25,1,13,10,10
QB,25,1,10,7,26
QB,25,2,23,7,4
QB,25,3,23,7,2
QB,25,3,17,7,19
QB,25,2,6,11,12
QB,25,1,29,5,2025
QB,25,1,7,4,130
QB,25,2,22,9,305
QB,25,3,27,14,5
QB,25,1,20,4,117
QB,25,3,8,8,64
QB,25,2,20,4,120
QB,25,1,9,11,19
QB,25,2,22,6,123
QB,25,1,21,6,243
QB,25,3,15,5,1202
QB,25,3,4,4,152
QB,25,3,30,9,194
QB,25,3,8,4,109
QB,25,1,5,11,10
QB,25,3,13,8,147
QB,25,3,31,4,128
QB,25,3,2,4,115
QB,25,3,22,7,11
QB,25,1,10,8,138
QB,25,1,30,4,131
QB,25,2,5,6,287
QB,25,3,10,11,14
QB,25,1,14,11,22
QB,25,2,4,7,27
QB,25,3,27,12,11
QB,25,2,4,6,309
QB,25,2,5,11,22
QB,25,1,11,11,9
QB,25,2,13,12,11
QB,25,1,13,4,132
QB,25,1,15,6,291
QB,25,3,2,9,247
QB,25,3,25,4,77
QB,25,3,12,8,118
QB,25,1,23,12,11
QB,25,1,12,11,5
QB,25,3,19,8,135
QB,25,3,22,12,19
QB,25,2,7,12,13
QB,25,2,16,8,22
QB,25,1,18,12,5
QB,25,2,19,4,109
QB,25,2,19,14,3
QB,25,3,18,10,3
QB,25,1,3,4,132
QB,25,2,1,7,6
QB,25,1,22,8,153
QB,25,1,30,6,262
QB,25,1,7,7,16
QB,25,3,11,8,132
QB,25,1,2,9,564
QB,25,3,1,4,115
QB,25,1,25,8,80
QB,25,3,28,9,194
QB,25,1,11,8,64
QB,25,1,12,7,5
QB,25,3,8,7,14
QB,25,2,11,9,689
QB,25,2,26,6,322
QB,25,1,28,8,112
QB,25,3,25,11,15
QB,25,3,6,12,18
QB,25,2,21,9,605
QB,25,2,4,11,17
QB,25,1,13,8,106
QB,25,2,9,9,94
QB,25,2,13,6,298
QB,25,2,9,6,40
QB,25,3,10,12,21
QB,25,3,19,10,8
QB,25,1,29,7,26
QB,25,2,25,10,7
QB,25,2,13,10,6
QB,25,1,2,12,12
QB,25,3,14,6,339
QB,25,2,13,4,138
QB,25,3,20,7,19
QB,25,1,9,14,4
QB,25,2,5,7,29
QB,25,2,8,14,2
QB,25,1,20,14,2
QB,25,3,20,6,397
QB,25,2,11,6,306
QB,25,3,4,9,797
QB,25,2,27,10,5
QB,25,3,16,12,8
QB,25,1,25,12,6
QB,25,1,28,6,266
QB,25,3,21,11,14
QB,25,3,19,11,18
QB,25,2,9,8,12
QB,25,3,4,7,22
QB,25,3,5,14,8
QB,25,3,6,11,10
QB,25,2,13,14,5
QB,25,2,9,5,488
QB,25,1,17,9,626
QB,25,1,2,4,121
QB,25,3,18,7,36
QB,25,2,28,10,5
QB,25,1,24,7,27
QB,25,3,5,12,14
QB,25,2,14,8,104
QB,25,2,28,4,154
QB,25,1,19,14,1
QB,25,3,15,8,65
QB,25,2,3,4,125
QB,25,3,8,6,88
QB,25,2,4,8,111
QB,25,1,15,11,12
QB,25,1,22,9,702
QB,25,2,1,11,9
QB,25,3,1,11,12
QB,25,2,8,6,102
QB,25,3,29,4,108
QB,25,2,19,7,15
QB,25,3,30,6,37
QB,25,2,15,7,14
QB,25,3,6,8,146
QB,25,2,8,4,82
QB,25,3,18,11,20
QB,25,3,25,9,413
QB,25,1,20,9,446
QB,25,3,27,4,84
QB,25,1,2,11,12
QB,25,2,13,11,18
QB,25,3,26,12,22
QB,25,2,1,10,2
QB,25,1,23,4,141
QB,25,3,16,5,725
QB,25,1,7,9,652
QB,25,2,1,5,1223
QB,25,2,9,12,3
QB,25,3,13,7,15
QB,25,2,23,4,115
QB,25,3,24,3,291
QB,25,2,25,12,22
QB,25,3,3,11,16
QB,25,1,27,8,94
QB,25,3,15,6,98
QB,25,1,26,12,8
QB,25,3,14,14,1
QB,25,1,4,10,3
QB,25,3,27,5,1110
QB,25,3,23,9,234
QB,25,3,13,12,23
QB,25,3,25,14,4
QB,25,3,5,6,324
QB,25,2,10,4,81
QB,25,1,23,8,114
QB,25,3,8,14,5
QB,25,2,14,3,1863
QB,25,1,11,12,10
QB,25,2,18,11,20
QB,25,2,27,8,127
QB,25,1,17,12,10
QB,25,1,3,12,10
QB,25,2,11,10,8
QB,25,1,28,4,138
QB,25,2,28,12,22
QB,25,2,10,10,3
QB,25,2,17,4,131
QB,25,1,12,8,37
QB,25,3,6,7,30
QB,25,2,7,7,19
QB,25,1,27,5,2248
QB,25,3,22,6,121
QB,25,1,3,6,267
QB,25,3,31,7,19
QB,25,3,23,11,8
QB,25,3,3,10,5
QB,25,3,3,3,2370
QB,25,2,24,4,135
QB,25,1,5,12,2
QB,25,1,25,6,100
QB,25,1,12,9,206
QB,25,3,24,8,33
QB,25,3,14,7,14
QB,25,1,18,8,82
QB,25,2,28,14,3
QB,25,3,26,10,10
QB,25,2,20,9,593
QB,25,2,3,9,642
QB,25,3,21,4,136
QB,25,3,27,6,214
QB,25,3,28,5,705
QB,25,2,2,6,35
QB,25,3,31,6,251
QB,25,3,7,12,13
QB,25,3,13,9,730
QB,25,1,25,11,13
QB,25,1,4,4,91
QB,25,1,7,6,280
QB,25,1,6,9,638
QB,25,2,22,12,16
QB,25,2,12,14,6
QB,25,2,1,14,2
QB,25,2,11,8,124
QB,25,3,12,6,377
QB,25,2,12,12,16
QB,25,3,31,10,6
QB,25,3,2,11,7
QB,25,3,7,11,9
QB,25,2,3,8,95
QB,25,1,30,8,125
QB,25,1,21,7,17
QB,25,2,21,12,17
QB,25,1,16,7,17
QB,25,1,22,10,5
QB,25,2,23,6,29
QB,25,1,15,9,636
QB,25,3,19,14,4
QB,25,3,29,8,67
QB,25,2,1,4,83
QB,25,3,19,12,23
QB,25,1,6,8,75
QB,25,2,7,14,3
QB,25,2,2,10,1
QB,25,1,9,7,21
QB,25,1,13,12,13
QB,25,1,22,7,10
QB,25,2,12,4,125
QB,25,1,28,3,1871
QB,25,3,28,8,37
QB,25,3,15,12,13
QB,25,1,11,10,3
QB,25,2,15,6,106
QB,25,2,18,6,270
QB,25,2,21,6,299
QB,25,1,19,6,42
QB,25,3,18,12,28
QB,25,1,18,11,6
QB,25,3,29,9,310
QB,25,3,30,7,2
QB,25,2,17,9,425
QB,25,2,8,12,8
QB,25,3,19,7,21
QB,25,1,29,6,262
QB,25,2,12,6,310
QB,25,1,30,10,12
QB,25,1,9,8,124
QB,25,3,14,8,128
QB,25,1,21,4,142
QB,25,2,7,8,117
QB,25,3,16,9,214
QB,25,2,26,4,138
QB,25,2,1,3,1392
QB,25,3,29,6,120
QB,25,1,23,7,22
QB,25,2,26,8,120
QB,25,2,18,8,111
QB,25,3,13,14,7
QB,25,3,17,11,10
QB,25,3,29,11,15
QB,25,1,26,9,238
QB,25,1,4,6,105
QB,25,3,30,8,31
QB,25,1,18,10,3
QB,25,1,8,12,9
QB,25,3,16,11,4
QB,25,3,19,6,381
QB,25,3,2,10,1
QB,25,1,30,9,636
QB,25,3,3,8,102
QB,25,3,16,6,47
QB,25,1,24,4,128
QB,25,1,7,12,11
QB,25,1,1,12,7
QB,25,2,26,9,772
QB,25,3,8,12,13
QB,25,2,25,4,126
QB,25,1,16,6,285
QB,25,3,10,10,6
QB,25,2,18,10,5
QB,25,2,17,6,196
QB,25,2,1,8,59
QB,25,3,28,14,5
QB,25,1,31,10,9
QB,25,2,21,10,7
QB,25,3,29,10,3
QB,25,3,16,4,135
QB,25,2,16,7,13
QB,25,1,24,12,17
QB,25,1,16,12,17
QB,25,1,26,7,8
QB,25,3,26,11,17
QB,25,3,14,4,137
QB,25,2,20,11,9
QB,25,2,17,11,4
QB,25,3,24,10,1
QB,25,1,1,5,628
QB,25,1,25,9,285
QB,25,2,19,8,114
QB,25,3,8,10,1
QB,25,3,22,8,70
QB,25,3,5,8,139
QB,25,1,6,12,10
QB,25,3,22,9,356
QB,25,3,26,7,27
QB,25,1,1,8,19
QB,25,3,15,4,138
QB,25,3,25,8,72
QB,25,1,9,12,15
QB,25,2,18,14,2
QB,25,1,8,9,701
QB,25,3,1,9,305
QB,25,1,19,9,178
QB,25,1,27,11,12
QB,25,2,19,11,13
QB,25,3,29,12,13
QB,25,1,15,13,1
QB,25,1,20,8,71
QB,25,2,11,11,22
QB,25,1,14,9,673
QB,25,2,23,8,23
QB,25,1,28,14,2
QB,25,2,3,12,17
QB,25,1,24,10,8
QB,25,1,23,6,280
QB,25,2,8,7,9
QB,25,1,7,10,3
QB,25,3,16,13,1
QB,25,3,22,14,1
QB,25,3,29,14,2
QB,25,2,16,11,3
QB,25,1,25,14,2
QB,25,3,2,7,4
QB,25,3,1,14,2
QB,25,1,4,13,1
QB,25,2,22,14,3
QB,25,1,3,14,1
QB,25,3,20,14,2
QB,25,1,6,10,2
QB,25,2,17,10,8
QB,25,2,9,11,1
QB,25,3,28,10,1
QB,25,3,28,11,6
QB,25,3,31,14,1
QB,25,3,3,14,2
QB,25,1,4,14,1
QB,25,2,10,13,1
QB,25,2,18,13,1
QB,25,2,6,14,2
QB,25,2,15,11,5
QB,25,3,15,10,3
QB,25,1,1,7,2
QB,25,2,19,1,1
QB,25,1,16,14,2
QB,25,3,27,10,7
QB,25,1,13,14,1
QB,25,1,15,14,2
QB,25,2,16,10,2
QB,25,2,7,13,1
QB,25,1,23,14,3
QB,25,3,1,10,1
QB,25,1,7,14,1
QB,25,2,10,14,1
QB,25,2,26,14,1
QB,25,1,29,14,3
QB,25,1,8,14,2
QB,25,3,9,14,1
QB,25,1,16,13,1
QB,25,2,2,14,1
QB,25,1,30,14,1
QB,25,3,26,14,2
QB,25,1,12,12,5
